24,2016-01-22-46,7.5
43,2016-01-22-46,1.0
21,2016-01-22-46,1.0
60,2016-01-22-46,1.0
34,2016-01-22-46,1.0
50,2016-01-22-46,1.0
9,2016-01-22-46,1.0
33,2016-01-22-46,1.0
48,2016-01-22-46,6.5
64,2016-01-22-46,1.0
55,2016-01-22-46,1.0
53,2016-01-22-46,1.0
17,2016-01-22-46,1.0
45,2016-01-22-46,1.0
63,2016-01-22-46,1.0
42,2016-01-22-46,2.5
39,2016-01-22-46,1.0
41,2016-01-22-46,1.0
30,2016-01-22-46,1.0
19,2016-01-22-46,1.0
14,2016-01-22-46,19.5
26,2016-01-22-46,1.0
59,2016-01-22-46,3.5
25,2016-01-22-46,1.0
56,2016-01-22-46,1.0
38,2016-01-22-46,1.0
3,2016-01-22-46,1.0
58,2016-01-22-46,1.0
47,2016-01-22-46,1.0
61,2016-01-22-46,1.0
35,2016-01-22-46,1.0
5,2016-01-22-46,1.0
57,2016-01-22-46,1.0
12,2016-01-22-46,1.5
28,2016-01-22-46,2.5
15,2016-01-22-46,1.0
23,2016-01-22-46,29.5
65,2016-01-22-46,1.0
66,2016-01-22-46,1.0
44,2016-01-22-46,1.0
22,2016-01-22-46,3.5
7,2016-01-22-46,13.5
16,2016-01-22-46,1.0
31,2016-01-22-46,1.5
37,2016-01-22-46,28.5
27,2016-01-22-46,4.0
51,2016-01-22-46,5.5
62,2016-01-22-46,1.0
54,2016-01-22-46,1.0
40,2016-01-22-46,1.0
46,2016-01-22-46,12.0
20,2016-01-22-46,1.0
8,2016-01-22-46,122.5
11,2016-01-22-46,1.0
2,2016-01-22-46,1.0
32,2016-01-22-46,1.0
4,2016-01-22-46,2.5
10,2016-01-22-46,1.0
29,2016-01-22-46,1.0
52,2016-01-22-46,1.0
1,2016-01-22-46,2.5
6,2016-01-22-46,2.0
49,2016-01-22-46,1.0
36,2016-01-22-46,1.5
13,2016-01-22-46,1.0
18,2016-01-22-46,1.0
24,2016-01-22-58,52.5
43,2016-01-22-58,1.0
21,2016-01-22-58,1.0
60,2016-01-22-58,1.0
34,2016-01-22-58,1.0
50,2016-01-22-58,1.0
9,2016-01-22-58,2.0
33,2016-01-22-58,1.0
48,2016-01-22-58,5.0
64,2016-01-22-58,1.0
55,2016-01-22-58,1.0
53,2016-01-22-58,7.0
17,2016-01-22-58,1.0
45,2016-01-22-58,1.0
63,2016-01-22-58,1.0
42,2016-01-22-58,2.0
39,2016-01-22-58,1.5
41,2016-01-22-58,7.0
30,2016-01-22-58,2.0
19,2016-01-22-58,1.0
14,2016-01-22-58,3.5
26,2016-01-22-58,45.0
59,2016-01-22-58,1.0
25,2016-01-22-58,22.0
56,2016-01-22-58,1.0
38,2016-01-22-58,2.0
3,2016-01-22-58,1.0
58,2016-01-22-58,2.0
47,2016-01-22-58,2.0
61,2016-01-22-58,1.0
35,2016-01-22-58,1.0
5,2016-01-22-58,1.5
57,2016-01-22-58,2.0
12,2016-01-22-58,1.0
28,2016-01-22-58,3.5
15,2016-01-22-58,1.0
23,2016-01-22-58,60.5
65,2016-01-22-58,2.0
66,2016-01-22-58,1.0
44,2016-01-22-58,1.0
22,2016-01-22-58,3.5
7,2016-01-22-58,4.5
16,2016-01-22-58,5.0
31,2016-01-22-58,3.0
37,2016-01-22-58,187.0
27,2016-01-22-58,4.5
51,2016-01-22-58,4.5
62,2016-01-22-58,1.0
54,2016-01-22-58,1.0
40,2016-01-22-58,1.5
46,2016-01-22-58,68.5
20,2016-01-22-58,2.5
8,2016-01-22-58,85.0
11,2016-01-22-58,1.0
2,2016-01-22-58,1.0
32,2016-01-22-58,1.0
4,2016-01-22-58,39.0
10,2016-01-22-58,5.0
29,2016-01-22-58,3.5
52,2016-01-22-58,1.5
1,2016-01-22-58,5.5
6,2016-01-22-58,19.0
49,2016-01-22-58,1.0
36,2016-01-22-58,1.5
13,2016-01-22-58,3.5
18,2016-01-22-58,3.0
24,2016-01-22-70,34.0
43,2016-01-22-70,1.0
21,2016-01-22-70,1.0
60,2016-01-22-70,1.0
34,2016-01-22-70,1.5
50,2016-01-22-70,1.0
9,2016-01-22-70,1.0
33,2016-01-22-70,1.0
48,2016-01-22-70,3.0
64,2016-01-22-70,1.0
55,2016-01-22-70,1.0
53,2016-01-22-70,2.5
17,2016-01-22-70,1.0
45,2016-01-22-70,1.0
63,2016-01-22-70,1.0
42,2016-01-22-70,7.5
39,2016-01-22-70,1.0
41,2016-01-22-70,3.0
30,2016-01-22-70,1.0
19,2016-01-22-70,1.5
14,2016-01-22-70,1.0
26,2016-01-22-70,3.0
59,2016-01-22-70,1.0
25,2016-01-22-70,2.0
56,2016-01-22-70,1.0
38,2016-01-22-70,2.0
3,2016-01-22-70,1.0
58,2016-01-22-70,1.0
47,2016-01-22-70,3.0
61,2016-01-22-70,1.0
35,2016-01-22-70,1.0
5,2016-01-22-70,1.0
57,2016-01-22-70,1.0
12,2016-01-22-70,1.0
28,2016-01-22-70,2.5
15,2016-01-22-70,1.0
23,2016-01-22-70,30.0
65,2016-01-22-70,1.0
66,2016-01-22-70,1.0
44,2016-01-22-70,1.0
22,2016-01-22-70,7.0
7,2016-01-22-70,2.5
16,2016-01-22-70,1.0
31,2016-01-22-70,4.0
37,2016-01-22-70,15.0
27,2016-01-22-70,4.5
51,2016-01-22-70,5.5
62,2016-01-22-70,1.0
54,2016-01-22-70,1.0
40,2016-01-22-70,1.0
46,2016-01-22-70,18.5
20,2016-01-22-70,2.0
8,2016-01-22-70,26.5
11,2016-01-22-70,1.0
2,2016-01-22-70,1.0
32,2016-01-22-70,1.0
4,2016-01-22-70,4.5
10,2016-01-22-70,1.0
29,2016-01-22-70,7.0
52,2016-01-22-70,1.0
1,2016-01-22-70,1.0
6,2016-01-22-70,9.5
49,2016-01-22-70,1.0
36,2016-01-22-70,1.0
13,2016-01-22-70,1.0
18,2016-01-22-70,1.0
24,2016-01-22-82,29.0
43,2016-01-22-82,1.0
21,2016-01-22-82,2.0
60,2016-01-22-82,1.0
34,2016-01-22-82,1.0
50,2016-01-22-82,1.0
9,2016-01-22-82,1.5
33,2016-01-22-82,4.0
48,2016-01-22-82,4.5
64,2016-01-22-82,1.0
55,2016-01-22-82,1.0
53,2016-01-22-82,1.5
17,2016-01-22-82,1.0
45,2016-01-22-82,4.0
63,2016-01-22-82,1.0
42,2016-01-22-82,1.5
39,2016-01-22-82,1.0
41,2016-01-22-82,1.0
30,2016-01-22-82,1.0
19,2016-01-22-82,1.0
14,2016-01-22-82,1.0
26,2016-01-22-82,11.5
59,2016-01-22-82,1.0
25,2016-01-22-82,1.0
56,2016-01-22-82,1.0
38,2016-01-22-82,1.0
3,2016-01-22-82,1.0
58,2016-01-22-82,3.0
47,2016-01-22-82,3.0
61,2016-01-22-82,1.0
35,2016-01-22-82,5.5
5,2016-01-22-82,1.0
57,2016-01-22-82,1.0
12,2016-01-22-82,4.0
28,2016-01-22-82,1.5
15,2016-01-22-82,1.0
23,2016-01-22-82,12.0
65,2016-01-22-82,1.0
66,2016-01-22-82,1.0
44,2016-01-22-82,1.0
22,2016-01-22-82,7.0
7,2016-01-22-82,26.0
16,2016-01-22-82,3.0
31,2016-01-22-82,1.0
37,2016-01-22-82,48.0
27,2016-01-22-82,7.0
51,2016-01-22-82,4.0
62,2016-01-22-82,1.0
54,2016-01-22-82,1.0
40,2016-01-22-82,1.0
46,2016-01-22-82,1.0
20,2016-01-22-82,2.5
8,2016-01-22-82,56.0
11,2016-01-22-82,1.5
2,2016-01-22-82,1.0
32,2016-01-22-82,1.0
4,2016-01-22-82,8.5
10,2016-01-22-82,1.0
29,2016-01-22-82,2.5
52,2016-01-22-82,1.0
1,2016-01-22-82,2.5
6,2016-01-22-82,8.0
49,2016-01-22-82,1.0
36,2016-01-22-82,1.0
13,2016-01-22-82,1.0
18,2016-01-22-82,3.5
24,2016-01-22-94,7.0
43,2016-01-22-94,1.0
21,2016-01-22-94,1.0
60,2016-01-22-94,1.0
34,2016-01-22-94,1.0
50,2016-01-22-94,1.0
9,2016-01-22-94,1.5
33,2016-01-22-94,1.0
48,2016-01-22-94,53.0
64,2016-01-22-94,1.0
55,2016-01-22-94,1.0
53,2016-01-22-94,1.0
17,2016-01-22-94,1.0
45,2016-01-22-94,1.0
63,2016-01-22-94,1.0
42,2016-01-22-94,1.0
39,2016-01-22-94,1.0
41,2016-01-22-94,1.5
30,2016-01-22-94,1.0
19,2016-01-22-94,1.0
14,2016-01-22-94,3.5
26,2016-01-22-94,5.5
59,2016-01-22-94,1.0
25,2016-01-22-94,1.0
56,2016-01-22-94,1.0
38,2016-01-22-94,1.0
3,2016-01-22-94,1.0
58,2016-01-22-94,1.0
47,2016-01-22-94,1.0
61,2016-01-22-94,1.0
35,2016-01-22-94,1.0
5,2016-01-22-94,1.0
57,2016-01-22-94,1.0
12,2016-01-22-94,2.0
28,2016-01-22-94,3.5
15,2016-01-22-94,1.0
23,2016-01-22-94,20.5
65,2016-01-22-94,1.0
66,2016-01-22-94,1.0
44,2016-01-22-94,1.0
22,2016-01-22-94,8.5
7,2016-01-22-94,73.5
16,2016-01-22-94,1.0
31,2016-01-22-94,1.0
37,2016-01-22-94,29.5
27,2016-01-22-94,7.0
51,2016-01-22-94,55.0
62,2016-01-22-94,1.0
54,2016-01-22-94,1.0
40,2016-01-22-94,1.0
46,2016-01-22-94,1.5
20,2016-01-22-94,2.5
8,2016-01-22-94,54.0
11,2016-01-22-94,1.0
2,2016-01-22-94,1.0
32,2016-01-22-94,1.0
4,2016-01-22-94,4.0
10,2016-01-22-94,1.0
29,2016-01-22-94,1.0
52,2016-01-22-94,1.0
1,2016-01-22-94,1.5
6,2016-01-22-94,1.5
49,2016-01-22-94,1.0
36,2016-01-22-94,1.0
13,2016-01-22-94,1.0
18,2016-01-22-94,1.5
24,2016-01-22-106,1.5
43,2016-01-22-106,2.5
21,2016-01-22-106,3.5
60,2016-01-22-106,1.0
34,2016-01-22-106,1.0
50,2016-01-22-106,1.0
9,2016-01-22-106,1.5
33,2016-01-22-106,1.5
48,2016-01-22-106,201.5
64,2016-01-22-106,1.0
55,2016-01-22-106,1.0
53,2016-01-22-106,4.0
17,2016-01-22-106,1.0
45,2016-01-22-106,1.0
63,2016-01-22-106,1.0
42,2016-01-22-106,2.5
39,2016-01-22-106,1.0
41,2016-01-22-106,1.0
30,2016-01-22-106,1.0
19,2016-01-22-106,2.5
14,2016-01-22-106,34.0
26,2016-01-22-106,20.5
59,2016-01-22-106,1.0
25,2016-01-22-106,1.0
56,2016-01-22-106,1.0
38,2016-01-22-106,1.0
3,2016-01-22-106,2.5
58,2016-01-22-106,1.0
47,2016-01-22-106,1.0
61,2016-01-22-106,1.0
35,2016-01-22-106,11.0
5,2016-01-22-106,1.0
57,2016-01-22-106,1.0
12,2016-01-22-106,5.5
28,2016-01-22-106,14.5
15,2016-01-22-106,1.0
23,2016-01-22-106,94.5
65,2016-01-22-106,1.0
66,2016-01-22-106,1.0
44,2016-01-22-106,1.0
22,2016-01-22-106,13.5
7,2016-01-22-106,350.5
16,2016-01-22-106,1.0
31,2016-01-22-106,1.0
37,2016-01-22-106,102.5
27,2016-01-22-106,8.5
51,2016-01-22-106,478.0
62,2016-01-22-106,1.0
54,2016-01-22-106,1.0
40,2016-01-22-106,1.0
46,2016-01-22-106,5.0
20,2016-01-22-106,7.0
8,2016-01-22-106,155.0
11,2016-01-22-106,1.0
2,2016-01-22-106,1.0
32,2016-01-22-106,1.0
4,2016-01-22-106,6.5
10,2016-01-22-106,1.0
29,2016-01-22-106,3.5
52,2016-01-22-106,1.0
1,2016-01-22-106,1.5
6,2016-01-22-106,1.0
49,2016-01-22-106,1.0
36,2016-01-22-106,1.5
13,2016-01-22-106,1.0
18,2016-01-22-106,1.0
24,2016-01-22-118,1.0
43,2016-01-22-118,1.0
21,2016-01-22-118,1.5
60,2016-01-22-118,1.0
34,2016-01-22-118,1.0
50,2016-01-22-118,1.0
9,2016-01-22-118,1.5
33,2016-01-22-118,1.0
48,2016-01-22-118,10.5
64,2016-01-22-118,1.0
55,2016-01-22-118,1.0
53,2016-01-22-118,1.5
17,2016-01-22-118,1.0
45,2016-01-22-118,1.0
63,2016-01-22-118,1.0
42,2016-01-22-118,1.5
39,2016-01-22-118,1.0
41,2016-01-22-118,1.0
30,2016-01-22-118,1.0
19,2016-01-22-118,1.0
14,2016-01-22-118,3.0
26,2016-01-22-118,59.0
59,2016-01-22-118,1.0
25,2016-01-22-118,1.0
56,2016-01-22-118,1.0
38,2016-01-22-118,1.0
3,2016-01-22-118,1.0
58,2016-01-22-118,1.0
47,2016-01-22-118,1.0
61,2016-01-22-118,1.0
35,2016-01-22-118,5.5
5,2016-01-22-118,1.0
57,2016-01-22-118,1.0
12,2016-01-22-118,3.5
28,2016-01-22-118,6.5
15,2016-01-22-118,3.5
23,2016-01-22-118,4.0
65,2016-01-22-118,1.0
66,2016-01-22-118,1.0
44,2016-01-22-118,1.0
22,2016-01-22-118,14.5
7,2016-01-22-118,20.0
16,2016-01-22-118,1.0
31,2016-01-22-118,2.0
37,2016-01-22-118,3.5
27,2016-01-22-118,2.5
51,2016-01-22-118,43.0
62,2016-01-22-118,1.5
54,2016-01-22-118,1.0
40,2016-01-22-118,1.0
46,2016-01-22-118,1.0
20,2016-01-22-118,5.0
8,2016-01-22-118,10.0
11,2016-01-22-118,1.0
2,2016-01-22-118,2.0
32,2016-01-22-118,1.0
4,2016-01-22-118,9.0
10,2016-01-22-118,1.0
29,2016-01-22-118,1.0
52,2016-01-22-118,1.0
1,2016-01-22-118,3.5
6,2016-01-22-118,1.0
49,2016-01-22-118,1.0
36,2016-01-22-118,1.0
13,2016-01-22-118,1.0
18,2016-01-22-118,1.0
24,2016-01-22-130,2.0
43,2016-01-22-130,1.0
21,2016-01-22-130,3.5
60,2016-01-22-130,2.0
34,2016-01-22-130,1.0
50,2016-01-22-130,1.0
9,2016-01-22-130,1.0
33,2016-01-22-130,1.0
48,2016-01-22-130,86.0
64,2016-01-22-130,1.0
55,2016-01-22-130,1.0
53,2016-01-22-130,1.0
17,2016-01-22-130,1.0
45,2016-01-22-130,1.0
63,2016-01-22-130,1.0
42,2016-01-22-130,1.5
39,2016-01-22-130,2.0
41,2016-01-22-130,1.0
30,2016-01-22-130,1.0
19,2016-01-22-130,1.5
14,2016-01-22-130,7.0
26,2016-01-22-130,2.5
59,2016-01-22-130,1.5
25,2016-01-22-130,1.0
56,2016-01-22-130,2.0
38,2016-01-22-130,2.5
3,2016-01-22-130,1.0
58,2016-01-22-130,1.0
47,2016-01-22-130,1.0
61,2016-01-22-130,1.0
35,2016-01-22-130,1.0
5,2016-01-22-130,1.0
57,2016-01-22-130,1.0
12,2016-01-22-130,4.0
28,2016-01-22-130,78.0
15,2016-01-22-130,1.0
23,2016-01-22-130,61.0
65,2016-01-22-130,1.0
66,2016-01-22-130,1.0
44,2016-01-22-130,1.0
22,2016-01-22-130,6.5
7,2016-01-22-130,76.0
16,2016-01-22-130,1.0
31,2016-01-22-130,1.0
37,2016-01-22-130,15.5
27,2016-01-22-130,1.0
51,2016-01-22-130,376.0
62,2016-01-22-130,2.0
54,2016-01-22-130,1.0
40,2016-01-22-130,1.0
46,2016-01-22-130,4.5
20,2016-01-22-130,3.0
8,2016-01-22-130,99.5
11,2016-01-22-130,1.0
2,2016-01-22-130,1.5
32,2016-01-22-130,1.0
4,2016-01-22-130,1.5
10,2016-01-22-130,1.0
29,2016-01-22-130,1.0
52,2016-01-22-130,1.0
1,2016-01-22-130,4.0
6,2016-01-22-130,1.0
49,2016-01-22-130,1.0
36,2016-01-22-130,1.0
13,2016-01-22-130,1.0
18,2016-01-22-130,1.0
24,2016-01-22-142,1.0
43,2016-01-22-142,1.0
21,2016-01-22-142,1.5
60,2016-01-22-142,1.0
34,2016-01-22-142,1.0
50,2016-01-22-142,1.0
9,2016-01-22-142,1.0
33,2016-01-22-142,1.0
48,2016-01-22-142,24.0
64,2016-01-22-142,1.0
55,2016-01-22-142,1.0
53,2016-01-22-142,1.0
17,2016-01-22-142,1.0
45,2016-01-22-142,1.0
63,2016-01-22-142,1.0
42,2016-01-22-142,28.0
39,2016-01-22-142,1.0
41,2016-01-22-142,1.0
30,2016-01-22-142,1.0
19,2016-01-22-142,1.0
14,2016-01-22-142,4.5
26,2016-01-22-142,2.0
59,2016-01-22-142,1.0
25,2016-01-22-142,1.0
56,2016-01-22-142,1.0
38,2016-01-22-142,1.0
3,2016-01-22-142,1.0
58,2016-01-22-142,1.0
47,2016-01-22-142,1.0
61,2016-01-22-142,1.0
35,2016-01-22-142,1.0
5,2016-01-22-142,1.0
57,2016-01-22-142,1.0
12,2016-01-22-142,10.0
28,2016-01-22-142,13.5
15,2016-01-22-142,1.0
23,2016-01-22-142,11.5
65,2016-01-22-142,1.0
66,2016-01-22-142,1.0
44,2016-01-22-142,1.0
22,2016-01-22-142,11.5
7,2016-01-22-142,2.5
16,2016-01-22-142,1.0
31,2016-01-22-142,2.0
37,2016-01-22-142,4.0
27,2016-01-22-142,3.5
51,2016-01-22-142,146.0
62,2016-01-22-142,1.0
54,2016-01-22-142,1.0
40,2016-01-22-142,2.0
46,2016-01-22-142,2.0
20,2016-01-22-142,1.5
8,2016-01-22-142,6.5
11,2016-01-22-142,1.0
2,2016-01-22-142,1.5
32,2016-01-22-142,1.0
4,2016-01-22-142,1.0
10,2016-01-22-142,1.0
29,2016-01-22-142,1.0
52,2016-01-22-142,1.0
1,2016-01-22-142,6.0
6,2016-01-22-142,1.0
49,2016-01-22-142,1.0
36,2016-01-22-142,1.0
13,2016-01-22-142,1.0
18,2016-01-22-142,2.0
24,2016-01-24-58,38.0
43,2016-01-24-58,1.0
21,2016-01-24-58,1.0
60,2016-01-24-58,1.0
34,2016-01-24-58,1.0
50,2016-01-24-58,1.0
9,2016-01-24-58,1.0
33,2016-01-24-58,1.0
48,2016-01-24-58,3.5
64,2016-01-24-58,1.0
55,2016-01-24-58,1.0
53,2016-01-24-58,2.0
17,2016-01-24-58,1.0
45,2016-01-24-58,1.0
63,2016-01-24-58,1.0
42,2016-01-24-58,7.5
39,2016-01-24-58,1.0
41,2016-01-24-58,3.5
30,2016-01-24-58,1.0
19,2016-01-24-58,1.0
14,2016-01-24-58,5.0
26,2016-01-24-58,2.5
59,2016-01-24-58,1.0
25,2016-01-24-58,1.0
56,2016-01-24-58,1.0
38,2016-01-24-58,1.0
3,2016-01-24-58,1.0
58,2016-01-24-58,1.0
47,2016-01-24-58,1.0
61,2016-01-24-58,1.0
35,2016-01-24-58,1.5
5,2016-01-24-58,1.0
57,2016-01-24-58,1.0
12,2016-01-24-58,1.0
28,2016-01-24-58,1.0
15,2016-01-24-58,1.0
23,2016-01-24-58,28.0
65,2016-01-24-58,1.5
66,2016-01-24-58,1.0
44,2016-01-24-58,1.0
22,2016-01-24-58,6.0
7,2016-01-24-58,11.5
16,2016-01-24-58,1.0
31,2016-01-24-58,5.0
37,2016-01-24-58,19.5
27,2016-01-24-58,8.0
51,2016-01-24-58,5.5
62,2016-01-24-58,1.0
54,2016-01-24-58,1.0
40,2016-01-24-58,1.5
46,2016-01-24-58,31.5
20,2016-01-24-58,2.5
8,2016-01-24-58,28.5
11,2016-01-24-58,1.0
2,2016-01-24-58,1.0
32,2016-01-24-58,1.0
4,2016-01-24-58,1.0
10,2016-01-24-58,1.0
29,2016-01-24-58,8.0
52,2016-01-24-58,1.0
1,2016-01-24-58,1.0
6,2016-01-24-58,6.0
49,2016-01-24-58,3.0
36,2016-01-24-58,1.0
13,2016-01-24-58,1.0
18,2016-01-24-58,1.5
24,2016-01-24-70,42.0
43,2016-01-24-70,1.0
21,2016-01-24-70,2.0
60,2016-01-24-70,1.0
34,2016-01-24-70,1.5
50,2016-01-24-70,1.0
9,2016-01-24-70,3.5
33,2016-01-24-70,1.0
48,2016-01-24-70,3.0
64,2016-01-24-70,1.0
55,2016-01-24-70,1.0
53,2016-01-24-70,1.5
17,2016-01-24-70,1.0
45,2016-01-24-70,2.0
63,2016-01-24-70,1.0
42,2016-01-24-70,3.5
39,2016-01-24-70,1.0
41,2016-01-24-70,2.5
30,2016-01-24-70,2.0
19,2016-01-24-70,1.5
14,2016-01-24-70,13.5
26,2016-01-24-70,17.0
59,2016-01-24-70,1.0
25,2016-01-24-70,1.0
56,2016-01-24-70,1.0
38,2016-01-24-70,3.5
3,2016-01-24-70,1.0
58,2016-01-24-70,1.0
47,2016-01-24-70,2.0
61,2016-01-24-70,1.0
35,2016-01-24-70,1.0
5,2016-01-24-70,1.5
57,2016-01-24-70,1.0
12,2016-01-24-70,5.0
28,2016-01-24-70,7.5
15,2016-01-24-70,1.0
23,2016-01-24-70,33.0
65,2016-01-24-70,1.0
66,2016-01-24-70,1.0
44,2016-01-24-70,1.0
22,2016-01-24-70,6.0
7,2016-01-24-70,8.5
16,2016-01-24-70,1.5
31,2016-01-24-70,1.0
37,2016-01-24-70,80.0
27,2016-01-24-70,11.0
51,2016-01-24-70,4.0
62,2016-01-24-70,1.0
54,2016-01-24-70,1.0
40,2016-01-24-70,1.5
46,2016-01-24-70,62.0
20,2016-01-24-70,10.5
8,2016-01-24-70,45.5
11,2016-01-24-70,1.5
2,2016-01-24-70,1.0
32,2016-01-24-70,1.0
4,2016-01-24-70,3.0
10,2016-01-24-70,1.0
29,2016-01-24-70,6.5
52,2016-01-24-70,1.0
1,2016-01-24-70,3.5
6,2016-01-24-70,4.5
49,2016-01-24-70,1.0
36,2016-01-24-70,1.0
13,2016-01-24-70,2.0
18,2016-01-24-70,1.5
24,2016-01-24-82,7.5
43,2016-01-24-82,1.0
21,2016-01-24-82,1.0
60,2016-01-24-82,1.0
34,2016-01-24-82,1.0
50,2016-01-24-82,1.0
9,2016-01-24-82,1.0
33,2016-01-24-82,1.0
48,2016-01-24-82,7.0
64,2016-01-24-82,1.0
55,2016-01-24-82,1.0
53,2016-01-24-82,1.0
17,2016-01-24-82,1.0
45,2016-01-24-82,2.5
63,2016-01-24-82,1.0
42,2016-01-24-82,1.0
39,2016-01-24-82,1.0
41,2016-01-24-82,1.0
30,2016-01-24-82,1.0
19,2016-01-24-82,1.0
14,2016-01-24-82,1.5
26,2016-01-24-82,3.0
59,2016-01-24-82,1.5
25,2016-01-24-82,1.0
56,2016-01-24-82,1.0
38,2016-01-24-82,1.5
3,2016-01-24-82,1.0
58,2016-01-24-82,1.0
47,2016-01-24-82,2.0
61,2016-01-24-82,1.0
35,2016-01-24-82,1.0
5,2016-01-24-82,1.0
57,2016-01-24-82,1.0
12,2016-01-24-82,2.0
28,2016-01-24-82,3.0
15,2016-01-24-82,1.0
23,2016-01-24-82,12.0
65,2016-01-24-82,1.0
66,2016-01-24-82,1.0
44,2016-01-24-82,1.0
22,2016-01-24-82,3.5
7,2016-01-24-82,9.0
16,2016-01-24-82,1.0
31,2016-01-24-82,2.0
37,2016-01-24-82,23.0
27,2016-01-24-82,8.0
51,2016-01-24-82,6.0
62,2016-01-24-82,1.0
54,2016-01-24-82,1.0
40,2016-01-24-82,1.0
46,2016-01-24-82,16.5
20,2016-01-24-82,1.0
8,2016-01-24-82,21.5
11,2016-01-24-82,1.0
2,2016-01-24-82,1.0
32,2016-01-24-82,1.0
4,2016-01-24-82,3.5
10,2016-01-24-82,1.0
29,2016-01-24-82,3.5
52,2016-01-24-82,1.0
1,2016-01-24-82,1.5
6,2016-01-24-82,1.0
49,2016-01-24-82,1.0
36,2016-01-24-82,1.0
13,2016-01-24-82,1.0
18,2016-01-24-82,1.0
24,2016-01-24-94,1.5
43,2016-01-24-94,1.0
21,2016-01-24-94,1.0
60,2016-01-24-94,1.0
34,2016-01-24-94,1.0
50,2016-01-24-94,1.0
9,2016-01-24-94,1.0
33,2016-01-24-94,1.0
48,2016-01-24-94,7.5
64,2016-01-24-94,1.0
55,2016-01-24-94,1.0
53,2016-01-24-94,1.0
17,2016-01-24-94,1.0
45,2016-01-24-94,1.0
63,2016-01-24-94,1.0
42,2016-01-24-94,1.5
39,2016-01-24-94,1.0
41,2016-01-24-94,1.0
30,2016-01-24-94,1.0
19,2016-01-24-94,1.0
14,2016-01-24-94,3.0
26,2016-01-24-94,1.5
59,2016-01-24-94,1.0
25,2016-01-24-94,1.0
56,2016-01-24-94,1.0
38,2016-01-24-94,1.0
3,2016-01-24-94,1.0
58,2016-01-24-94,1.0
47,2016-01-24-94,1.0
61,2016-01-24-94,1.0
35,2016-01-24-94,1.0
5,2016-01-24-94,1.0
57,2016-01-24-94,1.0
12,2016-01-24-94,1.5
28,2016-01-24-94,3.0
15,2016-01-24-94,1.0
23,2016-01-24-94,4.5
65,2016-01-24-94,1.0
66,2016-01-24-94,1.0
44,2016-01-24-94,1.0
22,2016-01-24-94,7.0
7,2016-01-24-94,2.5
16,2016-01-24-94,1.0
31,2016-01-24-94,1.0
37,2016-01-24-94,2.5
27,2016-01-24-94,8.5
51,2016-01-24-94,5.0
62,2016-01-24-94,1.0
54,2016-01-24-94,1.0
40,2016-01-24-94,1.0
46,2016-01-24-94,1.0
20,2016-01-24-94,3.0
8,2016-01-24-94,6.0
11,2016-01-24-94,1.0
2,2016-01-24-94,1.0
32,2016-01-24-94,1.0
4,2016-01-24-94,1.0
10,2016-01-24-94,1.0
29,2016-01-24-94,1.0
52,2016-01-24-94,1.0
1,2016-01-24-94,3.5
6,2016-01-24-94,1.0
49,2016-01-24-94,1.0
36,2016-01-24-94,1.5
13,2016-01-24-94,1.0
18,2016-01-24-94,1.0
24,2016-01-24-106,2.5
43,2016-01-24-106,1.0
21,2016-01-24-106,3.5
60,2016-01-24-106,1.0
34,2016-01-24-106,1.0
50,2016-01-24-106,1.0
9,2016-01-24-106,1.0
33,2016-01-24-106,1.0
48,2016-01-24-106,64.5
64,2016-01-24-106,1.0
55,2016-01-24-106,1.0
53,2016-01-24-106,1.0
17,2016-01-24-106,1.0
45,2016-01-24-106,1.0
63,2016-01-24-106,1.0
42,2016-01-24-106,2.5
39,2016-01-24-106,1.0
41,2016-01-24-106,1.0
30,2016-01-24-106,1.0
19,2016-01-24-106,2.0
14,2016-01-24-106,1.0
26,2016-01-24-106,1.0
59,2016-01-24-106,1.0
25,2016-01-24-106,1.5
56,2016-01-24-106,1.0
38,2016-01-24-106,1.0
3,2016-01-24-106,1.0
58,2016-01-24-106,1.0
47,2016-01-24-106,1.0
61,2016-01-24-106,1.0
35,2016-01-24-106,1.0
5,2016-01-24-106,1.0
57,2016-01-24-106,1.0
12,2016-01-24-106,2.5
28,2016-01-24-106,3.5
15,2016-01-24-106,1.0
23,2016-01-24-106,7.5
65,2016-01-24-106,1.0
66,2016-01-24-106,1.0
44,2016-01-24-106,1.0
22,2016-01-24-106,14.5
7,2016-01-24-106,4.5
16,2016-01-24-106,1.0
31,2016-01-24-106,1.0
37,2016-01-24-106,2.5
27,2016-01-24-106,4.0
51,2016-01-24-106,19.5
62,2016-01-24-106,3.0
54,2016-01-24-106,1.0
40,2016-01-24-106,1.0
46,2016-01-24-106,2.0
20,2016-01-24-106,1.0
8,2016-01-24-106,4.0
11,2016-01-24-106,1.0
2,2016-01-24-106,1.0
32,2016-01-24-106,1.0
4,2016-01-24-106,1.0
10,2016-01-24-106,1.0
29,2016-01-24-106,1.0
52,2016-01-24-106,1.0
1,2016-01-24-106,4.5
6,2016-01-24-106,1.0
49,2016-01-24-106,1.0
36,2016-01-24-106,1.0
13,2016-01-24-106,1.0
18,2016-01-24-106,1.0
24,2016-01-24-118,5.5
43,2016-01-24-118,1.0
21,2016-01-24-118,3.5
60,2016-01-24-118,1.0
34,2016-01-24-118,1.0
50,2016-01-24-118,1.0
9,2016-01-24-118,2.0
33,2016-01-24-118,1.0
48,2016-01-24-118,3.5
64,2016-01-24-118,1.0
55,2016-01-24-118,1.0
53,2016-01-24-118,1.0
17,2016-01-24-118,1.0
45,2016-01-24-118,1.0
63,2016-01-24-118,1.5
42,2016-01-24-118,1.0
39,2016-01-24-118,1.0
41,2016-01-24-118,1.0
30,2016-01-24-118,1.0
19,2016-01-24-118,1.0
14,2016-01-24-118,3.0
26,2016-01-24-118,1.0
59,2016-01-24-118,1.0
25,2016-01-24-118,1.0
56,2016-01-24-118,2.0
38,2016-01-24-118,1.0
3,2016-01-24-118,1.0
58,2016-01-24-118,1.0
47,2016-01-24-118,1.5
61,2016-01-24-118,1.0
35,2016-01-24-118,1.0
5,2016-01-24-118,1.0
57,2016-01-24-118,1.0
12,2016-01-24-118,2.0
28,2016-01-24-118,4.0
15,2016-01-24-118,1.0
23,2016-01-24-118,3.0
65,2016-01-24-118,2.0
66,2016-01-24-118,1.0
44,2016-01-24-118,1.0
22,2016-01-24-118,13.0
7,2016-01-24-118,4.5
16,2016-01-24-118,1.0
31,2016-01-24-118,2.5
37,2016-01-24-118,1.0
27,2016-01-24-118,1.5
51,2016-01-24-118,13.0
62,2016-01-24-118,1.0
54,2016-01-24-118,1.0
40,2016-01-24-118,1.0
46,2016-01-24-118,1.5
20,2016-01-24-118,3.0
8,2016-01-24-118,3.0
11,2016-01-24-118,1.0
2,2016-01-24-118,1.0
32,2016-01-24-118,1.0
4,2016-01-24-118,2.0
10,2016-01-24-118,1.5
29,2016-01-24-118,1.5
52,2016-01-24-118,1.0
1,2016-01-24-118,5.5
6,2016-01-24-118,1.0
49,2016-01-24-118,1.5
36,2016-01-24-118,1.0
13,2016-01-24-118,1.0
18,2016-01-24-118,1.0
24,2016-01-24-130,6.5
43,2016-01-24-130,2.5
21,2016-01-24-130,1.0
60,2016-01-24-130,1.0
34,2016-01-24-130,1.0
50,2016-01-24-130,1.0
9,2016-01-24-130,1.5
33,2016-01-24-130,1.0
48,2016-01-24-130,24.5
64,2016-01-24-130,1.0
55,2016-01-24-130,1.0
53,2016-01-24-130,1.0
17,2016-01-24-130,1.0
45,2016-01-24-130,1.0
63,2016-01-24-130,1.0
42,2016-01-24-130,3.5
39,2016-01-24-130,3.0
41,2016-01-24-130,3.5
30,2016-01-24-130,1.0
19,2016-01-24-130,3.0
14,2016-01-24-130,1.0
26,2016-01-24-130,1.0
59,2016-01-24-130,1.0
25,2016-01-24-130,1.0
56,2016-01-24-130,3.0
38,2016-01-24-130,1.0
3,2016-01-24-130,1.0
58,2016-01-24-130,1.0
47,2016-01-24-130,1.0
61,2016-01-24-130,1.0
35,2016-01-24-130,1.0
5,2016-01-24-130,1.0
57,2016-01-24-130,1.0
12,2016-01-24-130,4.5
28,2016-01-24-130,7.5
15,2016-01-24-130,1.0
23,2016-01-24-130,75.5
65,2016-01-24-130,1.0
66,2016-01-24-130,1.0
44,2016-01-24-130,1.0
22,2016-01-24-130,8.5
7,2016-01-24-130,7.0
16,2016-01-24-130,1.0
31,2016-01-24-130,1.0
37,2016-01-24-130,6.5
27,2016-01-24-130,3.0
51,2016-01-24-130,306.0
62,2016-01-24-130,2.0
54,2016-01-24-130,1.0
40,2016-01-24-130,3.0
46,2016-01-24-130,3.0
20,2016-01-24-130,1.5
8,2016-01-24-130,28.0
11,2016-01-24-130,1.5
2,2016-01-24-130,1.0
32,2016-01-24-130,1.0
4,2016-01-24-130,9.5
10,2016-01-24-130,1.0
29,2016-01-24-130,1.0
52,2016-01-24-130,1.0
1,2016-01-24-130,4.0
6,2016-01-24-130,1.0
49,2016-01-24-130,1.0
36,2016-01-24-130,1.0
13,2016-01-24-130,1.0
18,2016-01-24-130,1.0
24,2016-01-24-142,2.5
43,2016-01-24-142,1.5
21,2016-01-24-142,1.0
60,2016-01-24-142,1.0
34,2016-01-24-142,1.0
50,2016-01-24-142,1.0
9,2016-01-24-142,1.0
33,2016-01-24-142,1.0
48,2016-01-24-142,7.5
64,2016-01-24-142,1.0
55,2016-01-24-142,2.0
53,2016-01-24-142,1.5
17,2016-01-24-142,1.0
45,2016-01-24-142,1.0
63,2016-01-24-142,1.0
42,2016-01-24-142,1.0
39,2016-01-24-142,1.0
41,2016-01-24-142,1.0
30,2016-01-24-142,1.0
19,2016-01-24-142,1.0
14,2016-01-24-142,2.0
26,2016-01-24-142,1.0
59,2016-01-24-142,1.0
25,2016-01-24-142,1.5
56,2016-01-24-142,1.0
38,2016-01-24-142,1.0
3,2016-01-24-142,1.5
58,2016-01-24-142,1.0
47,2016-01-24-142,1.0
61,2016-01-24-142,1.0
35,2016-01-24-142,1.0
5,2016-01-24-142,1.0
57,2016-01-24-142,1.0
12,2016-01-24-142,2.5
28,2016-01-24-142,12.5
15,2016-01-24-142,1.0
23,2016-01-24-142,8.0
65,2016-01-24-142,1.0
66,2016-01-24-142,1.0
44,2016-01-24-142,1.0
22,2016-01-24-142,3.5
7,2016-01-24-142,2.5
16,2016-01-24-142,1.0
31,2016-01-24-142,3.0
37,2016-01-24-142,1.0
27,2016-01-24-142,6.0
51,2016-01-24-142,20.5
62,2016-01-24-142,1.0
54,2016-01-24-142,1.0
40,2016-01-24-142,1.0
46,2016-01-24-142,1.0
20,2016-01-24-142,1.5
8,2016-01-24-142,2.0
11,2016-01-24-142,1.0
2,2016-01-24-142,1.0
32,2016-01-24-142,1.0
4,2016-01-24-142,1.0
10,2016-01-24-142,1.0
29,2016-01-24-142,1.0
52,2016-01-24-142,1.0
1,2016-01-24-142,6.0
6,2016-01-24-142,1.0
49,2016-01-24-142,1.0
36,2016-01-24-142,1.0
13,2016-01-24-142,1.0
18,2016-01-24-142,4.5
24,2016-01-26-46,11.0
43,2016-01-26-46,1.0
21,2016-01-26-46,2.0
60,2016-01-26-46,1.0
34,2016-01-26-46,1.0
50,2016-01-26-46,1.0
9,2016-01-26-46,1.0
33,2016-01-26-46,1.0
48,2016-01-26-46,4.5
64,2016-01-26-46,1.0
55,2016-01-26-46,1.0
53,2016-01-26-46,1.0
17,2016-01-26-46,1.0
45,2016-01-26-46,1.0
63,2016-01-26-46,1.0
42,2016-01-26-46,1.0
39,2016-01-26-46,1.5
41,2016-01-26-46,1.0
30,2016-01-26-46,1.0
19,2016-01-26-46,1.0
14,2016-01-26-46,20.0
26,2016-01-26-46,8.0
59,2016-01-26-46,12.0
25,2016-01-26-46,1.0
56,2016-01-26-46,1.0
38,2016-01-26-46,1.0
3,2016-01-26-46,1.0
58,2016-01-26-46,1.0
47,2016-01-26-46,1.0
61,2016-01-26-46,1.0
35,2016-01-26-46,1.0
5,2016-01-26-46,1.0
57,2016-01-26-46,1.0
12,2016-01-26-46,2.5
28,2016-01-26-46,4.0
15,2016-01-26-46,1.0
23,2016-01-26-46,101.5
65,2016-01-26-46,1.0
66,2016-01-26-46,1.0
44,2016-01-26-46,7.5
22,2016-01-26-46,2.0
7,2016-01-26-46,29.0
16,2016-01-26-46,1.0
31,2016-01-26-46,2.5
37,2016-01-26-46,44.0
27,2016-01-26-46,7.5
51,2016-01-26-46,6.5
62,2016-01-26-46,1.0
54,2016-01-26-46,1.0
40,2016-01-26-46,1.0
46,2016-01-26-46,38.0
20,2016-01-26-46,2.0
8,2016-01-26-46,188.5
11,2016-01-26-46,1.0
2,2016-01-26-46,1.0
32,2016-01-26-46,3.0
4,2016-01-26-46,5.0
10,2016-01-26-46,1.0
29,2016-01-26-46,1.5
52,2016-01-26-46,1.0
1,2016-01-26-46,1.0
6,2016-01-26-46,3.0
49,2016-01-26-46,1.0
36,2016-01-26-46,1.0
13,2016-01-26-46,2.0
18,2016-01-26-46,1.0
24,2016-01-26-58,55.5
43,2016-01-26-58,1.0
21,2016-01-26-58,1.0
60,2016-01-26-58,1.0
34,2016-01-26-58,1.0
50,2016-01-26-58,1.0
9,2016-01-26-58,14.0
33,2016-01-26-58,1.5
48,2016-01-26-58,6.0
64,2016-01-26-58,1.0
55,2016-01-26-58,1.0
53,2016-01-26-58,3.0
17,2016-01-26-58,3.0
45,2016-01-26-58,1.0
63,2016-01-26-58,1.0
42,2016-01-26-58,4.0
39,2016-01-26-58,1.0
41,2016-01-26-58,7.0
30,2016-01-26-58,1.0
19,2016-01-26-58,1.5
14,2016-01-26-58,22.5
26,2016-01-26-58,25.5
59,2016-01-26-58,1.0
25,2016-01-26-58,21.0
56,2016-01-26-58,1.5
38,2016-01-26-58,5.5
3,2016-01-26-58,1.0
58,2016-01-26-58,3.0
47,2016-01-26-58,2.0
61,2016-01-26-58,1.0
35,2016-01-26-58,1.0
5,2016-01-26-58,1.0
57,2016-01-26-58,1.0
12,2016-01-26-58,5.0
28,2016-01-26-58,6.0
15,2016-01-26-58,1.0
23,2016-01-26-58,108.5
65,2016-01-26-58,1.0
66,2016-01-26-58,1.0
44,2016-01-26-58,1.0
22,2016-01-26-58,7.0
7,2016-01-26-58,17.5
16,2016-01-26-58,6.0
31,2016-01-26-58,6.0
37,2016-01-26-58,134.5
27,2016-01-26-58,6.5
51,2016-01-26-58,13.5
62,2016-01-26-58,1.0
54,2016-01-26-58,1.0
40,2016-01-26-58,1.0
46,2016-01-26-58,65.0
20,2016-01-26-58,4.5
8,2016-01-26-58,144.0
11,2016-01-26-58,1.5
2,2016-01-26-58,1.0
32,2016-01-26-58,1.0
4,2016-01-26-58,37.5
10,2016-01-26-58,1.0
29,2016-01-26-58,3.5
52,2016-01-26-58,1.0
1,2016-01-26-58,3.5
6,2016-01-26-58,19.5
49,2016-01-26-58,1.5
36,2016-01-26-58,1.0
13,2016-01-26-58,9.5
18,2016-01-26-58,1.0
24,2016-01-26-70,20.0
43,2016-01-26-70,1.0
21,2016-01-26-70,1.5
60,2016-01-26-70,1.0
34,2016-01-26-70,1.0
50,2016-01-26-70,1.0
9,2016-01-26-70,3.5
33,2016-01-26-70,1.5
48,2016-01-26-70,20.5
64,2016-01-26-70,1.0
55,2016-01-26-70,1.0
53,2016-01-26-70,1.5
17,2016-01-26-70,1.0
45,2016-01-26-70,1.0
63,2016-01-26-70,1.0
42,2016-01-26-70,15.0
39,2016-01-26-70,1.0
41,2016-01-26-70,4.0
30,2016-01-26-70,1.0
19,2016-01-26-70,7.0
14,2016-01-26-70,12.0
26,2016-01-26-70,3.0
59,2016-01-26-70,1.0
25,2016-01-26-70,1.0
56,2016-01-26-70,1.0
38,2016-01-26-70,1.5
3,2016-01-26-70,1.0
58,2016-01-26-70,2.0
47,2016-01-26-70,4.5
61,2016-01-26-70,1.0
35,2016-01-26-70,1.0
5,2016-01-26-70,1.0
57,2016-01-26-70,1.0
12,2016-01-26-70,19.5
28,2016-01-26-70,11.0
15,2016-01-26-70,1.0
23,2016-01-26-70,73.0
65,2016-01-26-70,1.0
66,2016-01-26-70,1.0
44,2016-01-26-70,1.0
22,2016-01-26-70,8.0
7,2016-01-26-70,11.0
16,2016-01-26-70,1.0
31,2016-01-26-70,4.0
37,2016-01-26-70,36.0
27,2016-01-26-70,7.5
51,2016-01-26-70,59.5
62,2016-01-26-70,1.0
54,2016-01-26-70,1.0
40,2016-01-26-70,1.0
46,2016-01-26-70,24.0
20,2016-01-26-70,8.5
8,2016-01-26-70,54.5
11,2016-01-26-70,3.0
2,2016-01-26-70,1.0
32,2016-01-26-70,1.0
4,2016-01-26-70,7.5
10,2016-01-26-70,1.0
29,2016-01-26-70,7.5
52,2016-01-26-70,1.0
1,2016-01-26-70,4.5
6,2016-01-26-70,1.5
49,2016-01-26-70,1.0
36,2016-01-26-70,1.5
13,2016-01-26-70,2.5
18,2016-01-26-70,1.0
24,2016-01-26-82,27.5
43,2016-01-26-82,1.0
21,2016-01-26-82,1.0
60,2016-01-26-82,1.0
34,2016-01-26-82,1.0
50,2016-01-26-82,1.0
9,2016-01-26-82,2.5
33,2016-01-26-82,1.5
48,2016-01-26-82,56.5
64,2016-01-26-82,1.0
55,2016-01-26-82,1.0
53,2016-01-26-82,4.5
17,2016-01-26-82,1.0
45,2016-01-26-82,1.0
63,2016-01-26-82,1.0
42,2016-01-26-82,7.0
39,2016-01-26-82,2.0
41,2016-01-26-82,1.0
30,2016-01-26-82,1.0
19,2016-01-26-82,1.5
14,2016-01-26-82,26.5
26,2016-01-26-82,3.0
59,2016-01-26-82,1.0
25,2016-01-26-82,1.0
56,2016-01-26-82,1.0
38,2016-01-26-82,2.0
3,2016-01-26-82,1.0
58,2016-01-26-82,1.0
47,2016-01-26-82,1.0
61,2016-01-26-82,1.0
35,2016-01-26-82,1.0
5,2016-01-26-82,1.0
57,2016-01-26-82,1.0
12,2016-01-26-82,1.5
28,2016-01-26-82,3.5
15,2016-01-26-82,1.0
23,2016-01-26-82,67.0
65,2016-01-26-82,1.0
66,2016-01-26-82,1.0
44,2016-01-26-82,1.0
22,2016-01-26-82,3.0
7,2016-01-26-82,40.5
16,2016-01-26-82,1.0
31,2016-01-26-82,1.0
37,2016-01-26-82,41.0
27,2016-01-26-82,4.5
51,2016-01-26-82,86.5
62,2016-01-26-82,1.0
54,2016-01-26-82,1.0
40,2016-01-26-82,3.5
46,2016-01-26-82,21.5
20,2016-01-26-82,3.0
8,2016-01-26-82,81.5
11,2016-01-26-82,1.0
2,2016-01-26-82,1.0
32,2016-01-26-82,1.0
4,2016-01-26-82,6.5
10,2016-01-26-82,1.0
29,2016-01-26-82,5.5
52,2016-01-26-82,1.0
1,2016-01-26-82,1.5
6,2016-01-26-82,1.0
49,2016-01-26-82,1.0
36,2016-01-26-82,1.0
13,2016-01-26-82,1.0
18,2016-01-26-82,1.0
24,2016-01-26-94,8.0
43,2016-01-26-94,1.5
21,2016-01-26-94,1.0
60,2016-01-26-94,1.0
34,2016-01-26-94,1.0
50,2016-01-26-94,1.0
9,2016-01-26-94,3.5
33,2016-01-26-94,1.5
48,2016-01-26-94,79.5
64,2016-01-26-94,1.0
55,2016-01-26-94,1.0
53,2016-01-26-94,1.0
17,2016-01-26-94,1.0
45,2016-01-26-94,1.0
63,2016-01-26-94,1.5
42,2016-01-26-94,3.5
39,2016-01-26-94,1.0
41,2016-01-26-94,1.0
30,2016-01-26-94,1.0
19,2016-01-26-94,1.0
14,2016-01-26-94,17.5
26,2016-01-26-94,4.5
59,2016-01-26-94,1.0
25,2016-01-26-94,1.0
56,2016-01-26-94,1.0
38,2016-01-26-94,1.0
3,2016-01-26-94,1.0
58,2016-01-26-94,1.0
47,2016-01-26-94,1.0
61,2016-01-26-94,1.0
35,2016-01-26-94,1.0
5,2016-01-26-94,1.0
57,2016-01-26-94,1.0
12,2016-01-26-94,3.0
28,2016-01-26-94,3.5
15,2016-01-26-94,1.0
23,2016-01-26-94,87.5
65,2016-01-26-94,1.0
66,2016-01-26-94,1.0
44,2016-01-26-94,1.0
22,2016-01-26-94,12.0
7,2016-01-26-94,40.0
16,2016-01-26-94,1.0
31,2016-01-26-94,1.0
37,2016-01-26-94,33.5
27,2016-01-26-94,3.5
51,2016-01-26-94,135.5
62,2016-01-26-94,1.0
54,2016-01-26-94,1.0
40,2016-01-26-94,1.0
46,2016-01-26-94,2.5
20,2016-01-26-94,2.5
8,2016-01-26-94,83.0
11,2016-01-26-94,1.0
2,2016-01-26-94,1.0
32,2016-01-26-94,1.0
4,2016-01-26-94,2.0
10,2016-01-26-94,1.0
29,2016-01-26-94,1.5
52,2016-01-26-94,1.0
1,2016-01-26-94,4.0
6,2016-01-26-94,1.0
49,2016-01-26-94,1.0
36,2016-01-26-94,1.0
13,2016-01-26-94,1.0
18,2016-01-26-94,1.0
24,2016-01-26-106,1.5
43,2016-01-26-106,1.0
21,2016-01-26-106,1.0
60,2016-01-26-106,2.0
34,2016-01-26-106,1.0
50,2016-01-26-106,1.0
9,2016-01-26-106,1.0
33,2016-01-26-106,1.0
48,2016-01-26-106,170.0
64,2016-01-26-106,1.0
55,2016-01-26-106,1.0
53,2016-01-26-106,1.0
17,2016-01-26-106,1.0
45,2016-01-26-106,1.0
63,2016-01-26-106,1.0
42,2016-01-26-106,1.0
39,2016-01-26-106,1.5
41,2016-01-26-106,1.0
30,2016-01-26-106,2.5
19,2016-01-26-106,1.0
14,2016-01-26-106,25.0
26,2016-01-26-106,1.0
59,2016-01-26-106,1.0
25,2016-01-26-106,1.0
56,2016-01-26-106,1.0
38,2016-01-26-106,1.0
3,2016-01-26-106,1.0
58,2016-01-26-106,1.0
47,2016-01-26-106,1.0
61,2016-01-26-106,1.0
35,2016-01-26-106,1.0
5,2016-01-26-106,1.0
57,2016-01-26-106,1.0
12,2016-01-26-106,6.0
28,2016-01-26-106,12.0
15,2016-01-26-106,1.0
23,2016-01-26-106,76.5
65,2016-01-26-106,1.0
66,2016-01-26-106,1.0
44,2016-01-26-106,1.0
22,2016-01-26-106,14.5
7,2016-01-26-106,101.0
16,2016-01-26-106,1.0
31,2016-01-26-106,1.0
37,2016-01-26-106,9.5
27,2016-01-26-106,4.5
51,2016-01-26-106,357.0
62,2016-01-26-106,1.0
54,2016-01-26-106,2.5
40,2016-01-26-106,1.0
46,2016-01-26-106,1.5
20,2016-01-26-106,2.0
8,2016-01-26-106,55.0
11,2016-01-26-106,1.0
2,2016-01-26-106,1.0
32,2016-01-26-106,1.0
4,2016-01-26-106,1.0
10,2016-01-26-106,1.0
29,2016-01-26-106,8.0
52,2016-01-26-106,1.0
1,2016-01-26-106,3.0
6,2016-01-26-106,2.5
49,2016-01-26-106,1.0
36,2016-01-26-106,1.0
13,2016-01-26-106,1.0
18,2016-01-26-106,2.5
24,2016-01-26-118,2.0
43,2016-01-26-118,1.0
21,2016-01-26-118,1.0
60,2016-01-26-118,1.0
34,2016-01-26-118,1.0
50,2016-01-26-118,1.0
9,2016-01-26-118,1.5
33,2016-01-26-118,1.0
48,2016-01-26-118,5.5
64,2016-01-26-118,1.0
55,2016-01-26-118,1.0
53,2016-01-26-118,1.0
17,2016-01-26-118,1.0
45,2016-01-26-118,1.0
63,2016-01-26-118,1.0
42,2016-01-26-118,1.0
39,2016-01-26-118,1.0
41,2016-01-26-118,1.0
30,2016-01-26-118,1.0
19,2016-01-26-118,1.0
14,2016-01-26-118,1.5
26,2016-01-26-118,4.5
59,2016-01-26-118,1.0
25,2016-01-26-118,1.0
56,2016-01-26-118,1.0
38,2016-01-26-118,1.0
3,2016-01-26-118,1.0
58,2016-01-26-118,1.0
47,2016-01-26-118,2.0
61,2016-01-26-118,1.0
35,2016-01-26-118,4.5
5,2016-01-26-118,1.0
57,2016-01-26-118,1.0
12,2016-01-26-118,1.0
28,2016-01-26-118,3.5
15,2016-01-26-118,1.0
23,2016-01-26-118,9.5
65,2016-01-26-118,1.0
66,2016-01-26-118,1.0
44,2016-01-26-118,1.0
22,2016-01-26-118,9.5
7,2016-01-26-118,27.0
16,2016-01-26-118,1.0
31,2016-01-26-118,1.5
37,2016-01-26-118,3.0
27,2016-01-26-118,1.5
51,2016-01-26-118,30.5
62,2016-01-26-118,1.0
54,2016-01-26-118,1.0
40,2016-01-26-118,1.0
46,2016-01-26-118,2.0
20,2016-01-26-118,4.5
8,2016-01-26-118,8.5
11,2016-01-26-118,1.0
2,2016-01-26-118,1.0
32,2016-01-26-118,1.0
4,2016-01-26-118,1.0
10,2016-01-26-118,1.0
29,2016-01-26-118,1.0
52,2016-01-26-118,1.0
1,2016-01-26-118,3.5
6,2016-01-26-118,1.0
49,2016-01-26-118,1.0
36,2016-01-26-118,1.0
13,2016-01-26-118,1.0
18,2016-01-26-118,1.0
24,2016-01-26-130,1.5
43,2016-01-26-130,2.0
21,2016-01-26-130,1.0
60,2016-01-26-130,1.0
34,2016-01-26-130,1.0
50,2016-01-26-130,1.0
9,2016-01-26-130,1.0
33,2016-01-26-130,1.0
48,2016-01-26-130,35.0
64,2016-01-26-130,1.0
55,2016-01-26-130,1.0
53,2016-01-26-130,1.0
17,2016-01-26-130,1.0
45,2016-01-26-130,1.0
63,2016-01-26-130,1.0
42,2016-01-26-130,2.0
39,2016-01-26-130,1.0
41,2016-01-26-130,1.0
30,2016-01-26-130,1.0
19,2016-01-26-130,1.0
14,2016-01-26-130,4.5
26,2016-01-26-130,18.0
59,2016-01-26-130,1.0
25,2016-01-26-130,1.0
56,2016-01-26-130,1.0
38,2016-01-26-130,1.0
3,2016-01-26-130,1.0
58,2016-01-26-130,1.0
47,2016-01-26-130,1.0
61,2016-01-26-130,1.5
35,2016-01-26-130,1.0
5,2016-01-26-130,1.0
57,2016-01-26-130,1.0
12,2016-01-26-130,4.5
28,2016-01-26-130,13.5
15,2016-01-26-130,1.0
23,2016-01-26-130,27.0
65,2016-01-26-130,1.0
66,2016-01-26-130,1.0
44,2016-01-26-130,1.0
22,2016-01-26-130,9.0
7,2016-01-26-130,47.5
16,2016-01-26-130,1.0
31,2016-01-26-130,1.0
37,2016-01-26-130,14.0
27,2016-01-26-130,6.5
51,2016-01-26-130,314.5
62,2016-01-26-130,1.0
54,2016-01-26-130,1.0
40,2016-01-26-130,1.0
46,2016-01-26-130,5.5
20,2016-01-26-130,5.0
8,2016-01-26-130,72.5
11,2016-01-26-130,1.5
2,2016-01-26-130,1.0
32,2016-01-26-130,1.0
4,2016-01-26-130,8.0
10,2016-01-26-130,1.5
29,2016-01-26-130,1.5
52,2016-01-26-130,1.0
1,2016-01-26-130,4.0
6,2016-01-26-130,1.0
49,2016-01-26-130,1.0
36,2016-01-26-130,2.0
13,2016-01-26-130,1.0
18,2016-01-26-130,1.0
24,2016-01-26-142,1.5
43,2016-01-26-142,1.0
21,2016-01-26-142,1.0
60,2016-01-26-142,2.5
34,2016-01-26-142,1.0
50,2016-01-26-142,1.0
9,2016-01-26-142,1.0
33,2016-01-26-142,1.0
48,2016-01-26-142,10.5
64,2016-01-26-142,1.0
55,2016-01-26-142,1.0
53,2016-01-26-142,1.0
17,2016-01-26-142,1.0
45,2016-01-26-142,1.0
63,2016-01-26-142,1.0
42,2016-01-26-142,1.0
39,2016-01-26-142,1.0
41,2016-01-26-142,1.0
30,2016-01-26-142,1.0
19,2016-01-26-142,3.0
14,2016-01-26-142,1.5
26,2016-01-26-142,3.0
59,2016-01-26-142,1.0
25,2016-01-26-142,1.0
56,2016-01-26-142,1.0
38,2016-01-26-142,1.0
3,2016-01-26-142,1.0
58,2016-01-26-142,1.0
47,2016-01-26-142,1.0
61,2016-01-26-142,1.0
35,2016-01-26-142,1.0
5,2016-01-26-142,1.0
57,2016-01-26-142,1.0
12,2016-01-26-142,10.5
28,2016-01-26-142,5.5
15,2016-01-26-142,1.0
23,2016-01-26-142,7.0
65,2016-01-26-142,1.0
66,2016-01-26-142,1.0
44,2016-01-26-142,1.0
22,2016-01-26-142,1.5
7,2016-01-26-142,2.0
16,2016-01-26-142,1.0
31,2016-01-26-142,1.0
37,2016-01-26-142,1.0
27,2016-01-26-142,2.5
51,2016-01-26-142,37.5
62,2016-01-26-142,1.0
54,2016-01-26-142,1.0
40,2016-01-26-142,1.0
46,2016-01-26-142,1.0
20,2016-01-26-142,1.5
8,2016-01-26-142,6.0
11,2016-01-26-142,1.0
2,2016-01-26-142,1.0
32,2016-01-26-142,1.0
4,2016-01-26-142,1.0
10,2016-01-26-142,1.0
29,2016-01-26-142,1.0
52,2016-01-26-142,1.0
1,2016-01-26-142,3.5
6,2016-01-26-142,1.0
49,2016-01-26-142,1.0
36,2016-01-26-142,1.0
13,2016-01-26-142,1.0
18,2016-01-26-142,1.0
24,2016-01-28-58,62.5
43,2016-01-28-58,1.0
21,2016-01-28-58,2.0
60,2016-01-28-58,1.0
34,2016-01-28-58,1.0
50,2016-01-28-58,1.0
9,2016-01-28-58,3.5
33,2016-01-28-58,1.0
48,2016-01-28-58,7.0
64,2016-01-28-58,1.0
55,2016-01-28-58,1.0
53,2016-01-28-58,8.0
17,2016-01-28-58,1.0
45,2016-01-28-58,1.0
63,2016-01-28-58,1.0
42,2016-01-28-58,6.5
39,2016-01-28-58,1.0
41,2016-01-28-58,1.0
30,2016-01-28-58,1.0
19,2016-01-28-58,1.0
14,2016-01-28-58,23.0
26,2016-01-28-58,8.5
59,2016-01-28-58,1.0
25,2016-01-28-58,21.0
56,2016-01-28-58,1.0
38,2016-01-28-58,2.0
3,2016-01-28-58,1.0
58,2016-01-28-58,3.5
47,2016-01-28-58,1.0
61,2016-01-28-58,1.5
35,2016-01-28-58,1.0
5,2016-01-28-58,3.0
57,2016-01-28-58,1.0
12,2016-01-28-58,2.0
28,2016-01-28-58,6.0
15,2016-01-28-58,1.0
23,2016-01-28-58,103.0
65,2016-01-28-58,1.0
66,2016-01-28-58,1.0
44,2016-01-28-58,1.0
22,2016-01-28-58,3.5
7,2016-01-28-58,20.0
16,2016-01-28-58,5.0
31,2016-01-28-58,3.0
37,2016-01-28-58,115.5
27,2016-01-28-58,7.0
51,2016-01-28-58,24.5
62,2016-01-28-58,1.0
54,2016-01-28-58,2.0
40,2016-01-28-58,3.5
46,2016-01-28-58,64.0
20,2016-01-28-58,2.0
8,2016-01-28-58,142.5
11,2016-01-28-58,1.0
2,2016-01-28-58,1.0
32,2016-01-28-58,1.0
4,2016-01-28-58,40.0
10,2016-01-28-58,1.0
29,2016-01-28-58,2.0
52,2016-01-28-58,1.0
1,2016-01-28-58,3.0
6,2016-01-28-58,14.0
49,2016-01-28-58,2.0
36,2016-01-28-58,1.0
13,2016-01-28-58,1.0
18,2016-01-28-58,3.5
24,2016-01-28-70,13.0
43,2016-01-28-70,1.0
21,2016-01-28-70,1.0
60,2016-01-28-70,1.0
34,2016-01-28-70,1.0
50,2016-01-28-70,1.0
9,2016-01-28-70,1.5
33,2016-01-28-70,2.5
48,2016-01-28-70,6.5
64,2016-01-28-70,1.0
55,2016-01-28-70,1.0
53,2016-01-28-70,1.0
17,2016-01-28-70,1.0
45,2016-01-28-70,1.0
63,2016-01-28-70,1.0
42,2016-01-28-70,5.5
39,2016-01-28-70,1.0
41,2016-01-28-70,2.0
30,2016-01-28-70,1.0
19,2016-01-28-70,1.0
14,2016-01-28-70,7.0
26,2016-01-28-70,2.5
59,2016-01-28-70,1.0
25,2016-01-28-70,1.0
56,2016-01-28-70,1.0
38,2016-01-28-70,1.5
3,2016-01-28-70,2.0
58,2016-01-28-70,3.0
47,2016-01-28-70,4.5
61,2016-01-28-70,1.0
35,2016-01-28-70,1.0
5,2016-01-28-70,1.0
57,2016-01-28-70,1.0
12,2016-01-28-70,1.0
28,2016-01-28-70,3.5
15,2016-01-28-70,1.0
23,2016-01-28-70,82.5
65,2016-01-28-70,1.0
66,2016-01-28-70,1.0
44,2016-01-28-70,1.0
22,2016-01-28-70,4.0
7,2016-01-28-70,9.5
16,2016-01-28-70,1.0
31,2016-01-28-70,1.5
37,2016-01-28-70,15.5
27,2016-01-28-70,5.5
51,2016-01-28-70,94.0
62,2016-01-28-70,1.0
54,2016-01-28-70,1.0
40,2016-01-28-70,1.0
46,2016-01-28-70,6.0
20,2016-01-28-70,1.0
8,2016-01-28-70,40.5
11,2016-01-28-70,1.0
2,2016-01-28-70,1.0
32,2016-01-28-70,1.0
4,2016-01-28-70,1.0
10,2016-01-28-70,1.0
29,2016-01-28-70,4.5
52,2016-01-28-70,1.0
1,2016-01-28-70,1.0
6,2016-01-28-70,1.0
49,2016-01-28-70,1.0
36,2016-01-28-70,1.0
13,2016-01-28-70,1.0
18,2016-01-28-70,1.0
24,2016-01-28-82,25.5
43,2016-01-28-82,1.0
21,2016-01-28-82,1.0
60,2016-01-28-82,1.0
34,2016-01-28-82,1.5
50,2016-01-28-82,2.5
9,2016-01-28-82,1.0
33,2016-01-28-82,1.0
48,2016-01-28-82,5.0
64,2016-01-28-82,1.0
55,2016-01-28-82,1.0
53,2016-01-28-82,4.0
17,2016-01-28-82,2.0
45,2016-01-28-82,1.0
63,2016-01-28-82,1.0
42,2016-01-28-82,1.0
39,2016-01-28-82,1.0
41,2016-01-28-82,1.0
30,2016-01-28-82,1.0
19,2016-01-28-82,1.0
14,2016-01-28-82,1.0
26,2016-01-28-82,5.5
59,2016-01-28-82,1.0
25,2016-01-28-82,1.0
56,2016-01-28-82,1.0
38,2016-01-28-82,1.0
3,2016-01-28-82,1.0
58,2016-01-28-82,1.5
47,2016-01-28-82,2.5
61,2016-01-28-82,1.0
35,2016-01-28-82,2.5
5,2016-01-28-82,1.0
57,2016-01-28-82,1.0
12,2016-01-28-82,3.0
28,2016-01-28-82,2.0
15,2016-01-28-82,1.0
23,2016-01-28-82,29.5
65,2016-01-28-82,1.0
66,2016-01-28-82,1.0
44,2016-01-28-82,1.0
22,2016-01-28-82,4.0
7,2016-01-28-82,10.5
16,2016-01-28-82,6.0
31,2016-01-28-82,3.0
37,2016-01-28-82,34.0
27,2016-01-28-82,5.5
51,2016-01-28-82,16.5
62,2016-01-28-82,1.0
54,2016-01-28-82,1.0
40,2016-01-28-82,2.5
46,2016-01-28-82,4.0
20,2016-01-28-82,1.0
8,2016-01-28-82,50.5
11,2016-01-28-82,1.0
2,2016-01-28-82,1.0
32,2016-01-28-82,1.0
4,2016-01-28-82,4.0
10,2016-01-28-82,1.0
29,2016-01-28-82,5.0
52,2016-01-28-82,2.0
1,2016-01-28-82,1.5
6,2016-01-28-82,3.5
49,2016-01-28-82,1.0
36,2016-01-28-82,2.5
13,2016-01-28-82,1.0
18,2016-01-28-82,2.0
24,2016-01-28-94,4.5
43,2016-01-28-94,1.0
21,2016-01-28-94,1.5
60,2016-01-28-94,1.0
34,2016-01-28-94,1.0
50,2016-01-28-94,1.0
9,2016-01-28-94,1.0
33,2016-01-28-94,1.0
48,2016-01-28-94,68.5
64,2016-01-28-94,1.0
55,2016-01-28-94,1.0
53,2016-01-28-94,2.5
17,2016-01-28-94,1.0
45,2016-01-28-94,1.0
63,2016-01-28-94,1.0
42,2016-01-28-94,1.5
39,2016-01-28-94,1.0
41,2016-01-28-94,1.0
30,2016-01-28-94,1.0
19,2016-01-28-94,1.5
14,2016-01-28-94,14.0
26,2016-01-28-94,2.5
59,2016-01-28-94,1.0
25,2016-01-28-94,1.0
56,2016-01-28-94,1.0
38,2016-01-28-94,1.0
3,2016-01-28-94,1.0
58,2016-01-28-94,1.0
47,2016-01-28-94,1.0
61,2016-01-28-94,1.0
35,2016-01-28-94,1.5
5,2016-01-28-94,1.0
57,2016-01-28-94,1.0
12,2016-01-28-94,1.0
28,2016-01-28-94,5.5
15,2016-01-28-94,1.0
23,2016-01-28-94,88.5
65,2016-01-28-94,1.0
66,2016-01-28-94,1.0
44,2016-01-28-94,1.0
22,2016-01-28-94,10.5
7,2016-01-28-94,36.5
16,2016-01-28-94,1.0
31,2016-01-28-94,1.0
37,2016-01-28-94,32.0
27,2016-01-28-94,4.0
51,2016-01-28-94,210.5
62,2016-01-28-94,1.0
54,2016-01-28-94,1.0
40,2016-01-28-94,1.0
46,2016-01-28-94,2.5
20,2016-01-28-94,1.5
8,2016-01-28-94,88.5
11,2016-01-28-94,1.0
2,2016-01-28-94,1.0
32,2016-01-28-94,1.0
4,2016-01-28-94,2.0
10,2016-01-28-94,1.0
29,2016-01-28-94,1.0
52,2016-01-28-94,1.0
1,2016-01-28-94,4.0
6,2016-01-28-94,1.0
49,2016-01-28-94,2.5
36,2016-01-28-94,1.5
13,2016-01-28-94,1.0
18,2016-01-28-94,1.0
24,2016-01-28-106,5.0
43,2016-01-28-106,1.0
21,2016-01-28-106,1.5
60,2016-01-28-106,1.0
34,2016-01-28-106,1.0
50,2016-01-28-106,1.5
9,2016-01-28-106,1.0
33,2016-01-28-106,1.0
48,2016-01-28-106,108.0
64,2016-01-28-106,1.0
55,2016-01-28-106,1.0
53,2016-01-28-106,1.0
17,2016-01-28-106,1.0
45,2016-01-28-106,1.0
63,2016-01-28-106,1.0
42,2016-01-28-106,2.0
39,2016-01-28-106,1.0
41,2016-01-28-106,1.0
30,2016-01-28-106,1.0
19,2016-01-28-106,1.0
14,2016-01-28-106,20.0
26,2016-01-28-106,1.0
59,2016-01-28-106,1.0
25,2016-01-28-106,1.0
56,2016-01-28-106,3.5
38,2016-01-28-106,1.0
3,2016-01-28-106,1.0
58,2016-01-28-106,1.0
47,2016-01-28-106,1.0
61,2016-01-28-106,1.0
35,2016-01-28-106,1.5
5,2016-01-28-106,1.0
57,2016-01-28-106,1.0
12,2016-01-28-106,4.0
28,2016-01-28-106,11.5
15,2016-01-28-106,1.0
23,2016-01-28-106,97.5
65,2016-01-28-106,1.0
66,2016-01-28-106,1.0
44,2016-01-28-106,1.0
22,2016-01-28-106,15.5
7,2016-01-28-106,79.5
16,2016-01-28-106,1.0
31,2016-01-28-106,1.0
37,2016-01-28-106,24.5
27,2016-01-28-106,9.5
51,2016-01-28-106,354.0
62,2016-01-28-106,1.0
54,2016-01-28-106,1.0
40,2016-01-28-106,1.0
46,2016-01-28-106,3.5
20,2016-01-28-106,1.5
8,2016-01-28-106,56.0
11,2016-01-28-106,1.5
2,2016-01-28-106,1.0
32,2016-01-28-106,1.0
4,2016-01-28-106,2.5
10,2016-01-28-106,1.0
29,2016-01-28-106,1.0
52,2016-01-28-106,1.0
1,2016-01-28-106,2.0
6,2016-01-28-106,1.0
49,2016-01-28-106,1.0
36,2016-01-28-106,1.5
13,2016-01-28-106,1.0
18,2016-01-28-106,1.0
24,2016-01-28-118,1.5
43,2016-01-28-118,1.0
21,2016-01-28-118,1.5
60,2016-01-28-118,1.0
34,2016-01-28-118,1.0
50,2016-01-28-118,1.0
9,2016-01-28-118,1.0
33,2016-01-28-118,1.0
48,2016-01-28-118,14.0
64,2016-01-28-118,1.0
55,2016-01-28-118,1.0
53,2016-01-28-118,2.0
17,2016-01-28-118,1.0
45,2016-01-28-118,1.0
63,2016-01-28-118,1.0
42,2016-01-28-118,3.0
39,2016-01-28-118,1.0
41,2016-01-28-118,1.0
30,2016-01-28-118,1.0
19,2016-01-28-118,2.0
14,2016-01-28-118,4.0
26,2016-01-28-118,15.0
59,2016-01-28-118,1.0
25,2016-01-28-118,1.5
56,2016-01-28-118,1.0
38,2016-01-28-118,1.0
3,2016-01-28-118,1.0
58,2016-01-28-118,1.0
47,2016-01-28-118,1.0
61,2016-01-28-118,1.0
35,2016-01-28-118,9.0
5,2016-01-28-118,1.0
57,2016-01-28-118,1.5
12,2016-01-28-118,1.0
28,2016-01-28-118,3.5
15,2016-01-28-118,1.0
23,2016-01-28-118,29.5
65,2016-01-28-118,1.0
66,2016-01-28-118,1.0
44,2016-01-28-118,1.0
22,2016-01-28-118,6.5
7,2016-01-28-118,51.5
16,2016-01-28-118,1.0
31,2016-01-28-118,1.0
37,2016-01-28-118,7.0
27,2016-01-28-118,6.0
51,2016-01-28-118,100.0
62,2016-01-28-118,1.0
54,2016-01-28-118,2.0
40,2016-01-28-118,1.0
46,2016-01-28-118,3.5
20,2016-01-28-118,3.0
8,2016-01-28-118,49.0
11,2016-01-28-118,1.0
2,2016-01-28-118,1.0
32,2016-01-28-118,1.0
4,2016-01-28-118,7.0
10,2016-01-28-118,1.0
29,2016-01-28-118,2.0
52,2016-01-28-118,1.5
1,2016-01-28-118,3.5
6,2016-01-28-118,1.0
49,2016-01-28-118,1.0
36,2016-01-28-118,1.0
13,2016-01-28-118,1.0
18,2016-01-28-118,1.0
24,2016-01-28-130,1.0
43,2016-01-28-130,1.0
21,2016-01-28-130,1.5
60,2016-01-28-130,1.0
34,2016-01-28-130,3.0
50,2016-01-28-130,1.0
9,2016-01-28-130,1.5
33,2016-01-28-130,1.0
48,2016-01-28-130,68.0
64,2016-01-28-130,1.0
55,2016-01-28-130,1.0
53,2016-01-28-130,1.0
17,2016-01-28-130,1.0
45,2016-01-28-130,1.0
63,2016-01-28-130,1.0
42,2016-01-28-130,1.0
39,2016-01-28-130,1.0
41,2016-01-28-130,1.0
30,2016-01-28-130,1.0
19,2016-01-28-130,2.5
14,2016-01-28-130,18.0
26,2016-01-28-130,8.0
59,2016-01-28-130,1.0
25,2016-01-28-130,1.0
56,2016-01-28-130,1.0
38,2016-01-28-130,1.0
3,2016-01-28-130,2.5
58,2016-01-28-130,1.0
47,2016-01-28-130,1.0
61,2016-01-28-130,1.0
35,2016-01-28-130,4.5
5,2016-01-28-130,1.0
57,2016-01-28-130,1.0
12,2016-01-28-130,3.0
28,2016-01-28-130,99.5
15,2016-01-28-130,1.0
23,2016-01-28-130,45.0
65,2016-01-28-130,1.0
66,2016-01-28-130,1.5
44,2016-01-28-130,1.0
22,2016-01-28-130,11.5
7,2016-01-28-130,67.5
16,2016-01-28-130,2.0
31,2016-01-28-130,1.0
37,2016-01-28-130,26.0
27,2016-01-28-130,2.0
51,2016-01-28-130,263.0
62,2016-01-28-130,1.0
54,2016-01-28-130,1.0
40,2016-01-28-130,1.0
46,2016-01-28-130,3.0
20,2016-01-28-130,24.0
8,2016-01-28-130,109.0
11,2016-01-28-130,1.0
2,2016-01-28-130,1.0
32,2016-01-28-130,1.0
4,2016-01-28-130,18.5
10,2016-01-28-130,1.0
29,2016-01-28-130,1.0
52,2016-01-28-130,1.0
1,2016-01-28-130,2.0
6,2016-01-28-130,1.0
49,2016-01-28-130,1.0
36,2016-01-28-130,1.0
13,2016-01-28-130,1.0
18,2016-01-28-130,1.0
24,2016-01-28-142,1.0
43,2016-01-28-142,1.0
21,2016-01-28-142,1.0
60,2016-01-28-142,1.0
34,2016-01-28-142,1.0
50,2016-01-28-142,1.0
9,2016-01-28-142,1.0
33,2016-01-28-142,1.0
48,2016-01-28-142,10.5
64,2016-01-28-142,1.0
55,2016-01-28-142,1.0
53,2016-01-28-142,1.0
17,2016-01-28-142,1.5
45,2016-01-28-142,1.0
63,2016-01-28-142,1.0
42,2016-01-28-142,2.0
39,2016-01-28-142,1.0
41,2016-01-28-142,1.0
30,2016-01-28-142,1.0
19,2016-01-28-142,1.0
14,2016-01-28-142,1.0
26,2016-01-28-142,1.5
59,2016-01-28-142,1.0
25,2016-01-28-142,1.0
56,2016-01-28-142,1.0
38,2016-01-28-142,1.0
3,2016-01-28-142,1.0
58,2016-01-28-142,1.0
47,2016-01-28-142,1.5
61,2016-01-28-142,1.0
35,2016-01-28-142,1.0
5,2016-01-28-142,1.0
57,2016-01-28-142,3.5
12,2016-01-28-142,20.0
28,2016-01-28-142,2.5
15,2016-01-28-142,1.0
23,2016-01-28-142,17.0
65,2016-01-28-142,1.0
66,2016-01-28-142,1.0
44,2016-01-28-142,1.0
22,2016-01-28-142,7.5
7,2016-01-28-142,9.5
16,2016-01-28-142,1.0
31,2016-01-28-142,1.0
37,2016-01-28-142,1.0
27,2016-01-28-142,4.5
51,2016-01-28-142,123.5
62,2016-01-28-142,1.0
54,2016-01-28-142,1.0
40,2016-01-28-142,1.0
46,2016-01-28-142,1.5
20,2016-01-28-142,1.0
8,2016-01-28-142,5.5
11,2016-01-28-142,1.0
2,2016-01-28-142,1.0
32,2016-01-28-142,1.0
4,2016-01-28-142,1.0
10,2016-01-28-142,1.0
29,2016-01-28-142,1.0
52,2016-01-28-142,1.0
1,2016-01-28-142,13.5
6,2016-01-28-142,1.0
49,2016-01-28-142,1.0
36,2016-01-28-142,1.0
13,2016-01-28-142,1.0
18,2016-01-28-142,1.0
24,2016-01-30-46,18.0
43,2016-01-30-46,1.5
21,2016-01-30-46,5.0
60,2016-01-30-46,1.0
34,2016-01-30-46,1.0
50,2016-01-30-46,1.0
9,2016-01-30-46,1.0
33,2016-01-30-46,1.0
48,2016-01-30-46,29.5
64,2016-01-30-46,1.0
55,2016-01-30-46,1.0
53,2016-01-30-46,1.0
17,2016-01-30-46,1.0
45,2016-01-30-46,1.0
63,2016-01-30-46,1.0
42,2016-01-30-46,13.0
39,2016-01-30-46,1.0
41,2016-01-30-46,1.0
30,2016-01-30-46,1.0
19,2016-01-30-46,1.0
14,2016-01-30-46,18.0
26,2016-01-30-46,4.5
59,2016-01-30-46,1.0
25,2016-01-30-46,1.0
56,2016-01-30-46,1.0
38,2016-01-30-46,1.5
3,2016-01-30-46,1.0
58,2016-01-30-46,2.0
47,2016-01-30-46,1.0
61,2016-01-30-46,1.0
35,2016-01-30-46,1.0
5,2016-01-30-46,1.0
57,2016-01-30-46,1.0
12,2016-01-30-46,8.0
28,2016-01-30-46,16.5
15,2016-01-30-46,1.0
23,2016-01-30-46,29.5
65,2016-01-30-46,1.5
66,2016-01-30-46,1.0
44,2016-01-30-46,1.0
22,2016-01-30-46,1.0
7,2016-01-30-46,9.0
16,2016-01-30-46,2.0
31,2016-01-30-46,1.0
37,2016-01-30-46,15.5
27,2016-01-30-46,4.0
51,2016-01-30-46,21.0
62,2016-01-30-46,1.0
54,2016-01-30-46,1.0
40,2016-01-30-46,1.5
46,2016-01-30-46,18.0
20,2016-01-30-46,3.0
8,2016-01-30-46,24.5
11,2016-01-30-46,3.5
2,2016-01-30-46,1.0
32,2016-01-30-46,1.0
4,2016-01-30-46,5.0
10,2016-01-30-46,2.0
29,2016-01-30-46,4.5
52,2016-01-30-46,1.0
1,2016-01-30-46,12.5
6,2016-01-30-46,4.5
49,2016-01-30-46,1.0
36,2016-01-30-46,9.0
13,2016-01-30-46,1.0
18,2016-01-30-46,1.0
24,2016-01-30-58,8.0
43,2016-01-30-58,1.5
21,2016-01-30-58,1.0
60,2016-01-30-58,1.0
34,2016-01-30-58,1.0
50,2016-01-30-58,1.0
9,2016-01-30-58,1.0
33,2016-01-30-58,1.0
48,2016-01-30-58,2.0
64,2016-01-30-58,1.0
55,2016-01-30-58,1.0
53,2016-01-30-58,1.0
17,2016-01-30-58,1.0
45,2016-01-30-58,1.5
63,2016-01-30-58,1.0
42,2016-01-30-58,1.0
39,2016-01-30-58,1.0
41,2016-01-30-58,1.5
30,2016-01-30-58,1.0
19,2016-01-30-58,2.0
14,2016-01-30-58,4.5
26,2016-01-30-58,5.0
59,2016-01-30-58,1.0
25,2016-01-30-58,1.0
56,2016-01-30-58,1.0
38,2016-01-30-58,1.0
3,2016-01-30-58,1.0
58,2016-01-30-58,1.0
47,2016-01-30-58,7.0
61,2016-01-30-58,1.0
35,2016-01-30-58,1.0
5,2016-01-30-58,1.0
57,2016-01-30-58,1.0
12,2016-01-30-58,1.0
28,2016-01-30-58,3.0
15,2016-01-30-58,1.0
23,2016-01-30-58,37.5
65,2016-01-30-58,1.0
66,2016-01-30-58,1.0
44,2016-01-30-58,1.0
22,2016-01-30-58,5.5
7,2016-01-30-58,4.0
16,2016-01-30-58,1.0
31,2016-01-30-58,1.0
37,2016-01-30-58,20.0
27,2016-01-30-58,5.0
51,2016-01-30-58,6.0
62,2016-01-30-58,1.0
54,2016-01-30-58,1.0
40,2016-01-30-58,1.5
46,2016-01-30-58,50.5
20,2016-01-30-58,1.5
8,2016-01-30-58,37.5
11,2016-01-30-58,1.0
2,2016-01-30-58,1.0
32,2016-01-30-58,1.0
4,2016-01-30-58,1.0
10,2016-01-30-58,1.0
29,2016-01-30-58,1.5
52,2016-01-30-58,1.0
1,2016-01-30-58,2.5
6,2016-01-30-58,1.5
49,2016-01-30-58,1.0
36,2016-01-30-58,1.0
13,2016-01-30-58,1.5
18,2016-01-30-58,1.0
24,2016-01-30-70,28.0
43,2016-01-30-70,1.5
21,2016-01-30-70,1.0
60,2016-01-30-70,1.0
34,2016-01-30-70,1.0
50,2016-01-30-70,1.0
9,2016-01-30-70,1.0
33,2016-01-30-70,1.0
48,2016-01-30-70,3.0
64,2016-01-30-70,1.0
55,2016-01-30-70,1.0
53,2016-01-30-70,1.0
17,2016-01-30-70,1.0
45,2016-01-30-70,1.0
63,2016-01-30-70,1.0
42,2016-01-30-70,8.5
39,2016-01-30-70,1.0
41,2016-01-30-70,1.5
30,2016-01-30-70,1.0
19,2016-01-30-70,1.0
14,2016-01-30-70,10.5
26,2016-01-30-70,7.5
59,2016-01-30-70,1.0
25,2016-01-30-70,1.0
56,2016-01-30-70,1.0
38,2016-01-30-70,1.5
3,2016-01-30-70,1.0
58,2016-01-30-70,1.0
47,2016-01-30-70,2.5
61,2016-01-30-70,1.0
35,2016-01-30-70,1.5
5,2016-01-30-70,1.0
57,2016-01-30-70,1.0
12,2016-01-30-70,2.0
28,2016-01-30-70,3.5
15,2016-01-30-70,1.0
23,2016-01-30-70,61.5
65,2016-01-30-70,1.0
66,2016-01-30-70,1.0
44,2016-01-30-70,1.0
22,2016-01-30-70,7.5
7,2016-01-30-70,18.0
16,2016-01-30-70,1.0
31,2016-01-30-70,1.0
37,2016-01-30-70,81.5
27,2016-01-30-70,3.0
51,2016-01-30-70,4.0
62,2016-01-30-70,1.0
54,2016-01-30-70,1.0
40,2016-01-30-70,3.0
46,2016-01-30-70,48.5
20,2016-01-30-70,17.0
8,2016-01-30-70,100.0
11,2016-01-30-70,1.0
2,2016-01-30-70,1.0
32,2016-01-30-70,1.0
4,2016-01-30-70,3.0
10,2016-01-30-70,3.0
29,2016-01-30-70,8.0
52,2016-01-30-70,1.0
1,2016-01-30-70,1.0
6,2016-01-30-70,1.5
49,2016-01-30-70,1.0
36,2016-01-30-70,1.0
13,2016-01-30-70,2.0
18,2016-01-30-70,1.5
24,2016-01-30-82,36.0
43,2016-01-30-82,1.0
21,2016-01-30-82,2.0
60,2016-01-30-82,1.0
34,2016-01-30-82,1.0
50,2016-01-30-82,1.0
9,2016-01-30-82,1.5
33,2016-01-30-82,1.0
48,2016-01-30-82,19.5
64,2016-01-30-82,1.0
55,2016-01-30-82,1.0
53,2016-01-30-82,1.0
17,2016-01-30-82,1.0
45,2016-01-30-82,1.0
63,2016-01-30-82,1.0
42,2016-01-30-82,12.5
39,2016-01-30-82,1.0
41,2016-01-30-82,1.5
30,2016-01-30-82,1.0
19,2016-01-30-82,1.0
14,2016-01-30-82,30.0
26,2016-01-30-82,16.0
59,2016-01-30-82,1.0
25,2016-01-30-82,1.0
56,2016-01-30-82,2.5
38,2016-01-30-82,1.0
3,2016-01-30-82,1.0
58,2016-01-30-82,1.0
47,2016-01-30-82,1.0
61,2016-01-30-82,1.0
35,2016-01-30-82,1.0
5,2016-01-30-82,2.5
57,2016-01-30-82,1.0
12,2016-01-30-82,1.0
28,2016-01-30-82,8.0
15,2016-01-30-82,1.0
23,2016-01-30-82,101.0
65,2016-01-30-82,1.0
66,2016-01-30-82,1.0
44,2016-01-30-82,1.0
22,2016-01-30-82,6.5
7,2016-01-30-82,37.5
16,2016-01-30-82,3.5
31,2016-01-30-82,1.0
37,2016-01-30-82,102.5
27,2016-01-30-82,6.5
51,2016-01-30-82,28.0
62,2016-01-30-82,1.0
54,2016-01-30-82,1.0
40,2016-01-30-82,1.0
46,2016-01-30-82,44.0
20,2016-01-30-82,14.5
8,2016-01-30-82,120.5
11,2016-01-30-82,1.5
2,2016-01-30-82,1.0
32,2016-01-30-82,1.0
4,2016-01-30-82,4.0
10,2016-01-30-82,1.0
29,2016-01-30-82,6.0
52,2016-01-30-82,1.0
1,2016-01-30-82,3.0
6,2016-01-30-82,1.0
49,2016-01-30-82,1.0
36,2016-01-30-82,1.0
13,2016-01-30-82,1.0
18,2016-01-30-82,1.0
24,2016-01-30-94,8.0
43,2016-01-30-94,1.0
21,2016-01-30-94,1.5
60,2016-01-30-94,1.0
34,2016-01-30-94,2.0
50,2016-01-30-94,1.0
9,2016-01-30-94,1.0
33,2016-01-30-94,2.0
48,2016-01-30-94,67.5
64,2016-01-30-94,1.0
55,2016-01-30-94,1.0
53,2016-01-30-94,1.0
17,2016-01-30-94,1.0
45,2016-01-30-94,1.0
63,2016-01-30-94,1.0
42,2016-01-30-94,3.5
39,2016-01-30-94,1.0
41,2016-01-30-94,1.0
30,2016-01-30-94,1.0
19,2016-01-30-94,1.0
14,2016-01-30-94,9.0
26,2016-01-30-94,6.0
59,2016-01-30-94,1.0
25,2016-01-30-94,1.0
56,2016-01-30-94,1.0
38,2016-01-30-94,1.0
3,2016-01-30-94,1.0
58,2016-01-30-94,1.0
47,2016-01-30-94,1.0
61,2016-01-30-94,1.0
35,2016-01-30-94,2.0
5,2016-01-30-94,1.0
57,2016-01-30-94,1.0
12,2016-01-30-94,2.5
28,2016-01-30-94,3.0
15,2016-01-30-94,1.0
23,2016-01-30-94,67.0
65,2016-01-30-94,1.5
66,2016-01-30-94,1.0
44,2016-01-30-94,1.0
22,2016-01-30-94,15.0
7,2016-01-30-94,36.5
16,2016-01-30-94,1.0
31,2016-01-30-94,1.0
37,2016-01-30-94,26.5
27,2016-01-30-94,3.0
51,2016-01-30-94,140.5
62,2016-01-30-94,2.0
54,2016-01-30-94,1.5
40,2016-01-30-94,1.0
46,2016-01-30-94,2.0
20,2016-01-30-94,4.0
8,2016-01-30-94,79.5
11,2016-01-30-94,1.0
2,2016-01-30-94,1.0
32,2016-01-30-94,1.0
4,2016-01-30-94,5.5
10,2016-01-30-94,1.0
29,2016-01-30-94,1.0
52,2016-01-30-94,1.0
1,2016-01-30-94,1.5
6,2016-01-30-94,2.0
49,2016-01-30-94,1.0
36,2016-01-30-94,1.0
13,2016-01-30-94,1.0
18,2016-01-30-94,1.0
24,2016-01-30-106,3.0
43,2016-01-30-106,1.0
21,2016-01-30-106,2.0
60,2016-01-30-106,1.0
34,2016-01-30-106,1.0
50,2016-01-30-106,1.0
9,2016-01-30-106,1.5
33,2016-01-30-106,1.0
48,2016-01-30-106,199.0
64,2016-01-30-106,1.0
55,2016-01-30-106,1.0
53,2016-01-30-106,1.0
17,2016-01-30-106,1.0
45,2016-01-30-106,1.0
63,2016-01-30-106,1.0
42,2016-01-30-106,1.0
39,2016-01-30-106,1.0
41,2016-01-30-106,1.0
30,2016-01-30-106,1.0
19,2016-01-30-106,3.0
14,2016-01-30-106,11.5
26,2016-01-30-106,3.5
59,2016-01-30-106,1.0
25,2016-01-30-106,1.0
56,2016-01-30-106,1.0
38,2016-01-30-106,1.0
3,2016-01-30-106,1.0
58,2016-01-30-106,1.0
47,2016-01-30-106,1.0
61,2016-01-30-106,1.0
35,2016-01-30-106,1.0
5,2016-01-30-106,1.0
57,2016-01-30-106,1.0
12,2016-01-30-106,3.0
28,2016-01-30-106,11.0
15,2016-01-30-106,1.0
23,2016-01-30-106,13.0
65,2016-01-30-106,1.0
66,2016-01-30-106,1.0
44,2016-01-30-106,2.0
22,2016-01-30-106,7.0
7,2016-01-30-106,18.0
16,2016-01-30-106,1.0
31,2016-01-30-106,3.5
37,2016-01-30-106,5.5
27,2016-01-30-106,4.5
51,2016-01-30-106,107.0
62,2016-01-30-106,1.0
54,2016-01-30-106,1.0
40,2016-01-30-106,1.5
46,2016-01-30-106,1.5
20,2016-01-30-106,1.0
8,2016-01-30-106,10.5
11,2016-01-30-106,1.0
2,2016-01-30-106,1.0
32,2016-01-30-106,1.0
4,2016-01-30-106,2.5
10,2016-01-30-106,1.0
29,2016-01-30-106,1.0
52,2016-01-30-106,1.0
1,2016-01-30-106,4.5
6,2016-01-30-106,1.0
49,2016-01-30-106,1.0
36,2016-01-30-106,1.0
13,2016-01-30-106,1.0
18,2016-01-30-106,1.0
24,2016-01-30-118,3.0
43,2016-01-30-118,1.0
21,2016-01-30-118,2.0
60,2016-01-30-118,1.0
34,2016-01-30-118,1.0
50,2016-01-30-118,1.0
9,2016-01-30-118,1.0
33,2016-01-30-118,1.0
48,2016-01-30-118,4.0
64,2016-01-30-118,1.0
55,2016-01-30-118,1.0
53,2016-01-30-118,1.0
17,2016-01-30-118,1.0
45,2016-01-30-118,1.0
63,2016-01-30-118,1.0
42,2016-01-30-118,1.5
39,2016-01-30-118,1.0
41,2016-01-30-118,1.0
30,2016-01-30-118,1.0
19,2016-01-30-118,1.0
14,2016-01-30-118,2.0
26,2016-01-30-118,1.0
59,2016-01-30-118,1.0
25,2016-01-30-118,1.0
56,2016-01-30-118,1.5
38,2016-01-30-118,1.0
3,2016-01-30-118,1.0
58,2016-01-30-118,1.0
47,2016-01-30-118,1.5
61,2016-01-30-118,1.0
35,2016-01-30-118,1.0
5,2016-01-30-118,1.0
57,2016-01-30-118,1.0
12,2016-01-30-118,1.0
28,2016-01-30-118,3.5
15,2016-01-30-118,1.0
23,2016-01-30-118,3.5
65,2016-01-30-118,1.5
66,2016-01-30-118,1.0
44,2016-01-30-118,1.0
22,2016-01-30-118,8.0
7,2016-01-30-118,3.0
16,2016-01-30-118,1.0
31,2016-01-30-118,1.0
37,2016-01-30-118,1.0
27,2016-01-30-118,4.0
51,2016-01-30-118,8.5
62,2016-01-30-118,1.0
54,2016-01-30-118,1.0
40,2016-01-30-118,1.0
46,2016-01-30-118,1.0
20,2016-01-30-118,1.5
8,2016-01-30-118,4.5
11,2016-01-30-118,1.0
2,2016-01-30-118,1.0
32,2016-01-30-118,1.0
4,2016-01-30-118,1.5
10,2016-01-30-118,1.0
29,2016-01-30-118,1.0
52,2016-01-30-118,1.0
1,2016-01-30-118,4.5
6,2016-01-30-118,1.0
49,2016-01-30-118,1.0
36,2016-01-30-118,1.0
13,2016-01-30-118,1.0
18,2016-01-30-118,1.0
24,2016-01-30-130,2.5
43,2016-01-30-130,1.0
21,2016-01-30-130,1.0
60,2016-01-30-130,4.5
34,2016-01-30-130,1.0
50,2016-01-30-130,1.0
9,2016-01-30-130,1.0
33,2016-01-30-130,1.0
48,2016-01-30-130,46.5
64,2016-01-30-130,1.0
55,2016-01-30-130,1.0
53,2016-01-30-130,1.0
17,2016-01-30-130,1.0
45,2016-01-30-130,1.0
63,2016-01-30-130,1.0
42,2016-01-30-130,1.5
39,2016-01-30-130,1.0
41,2016-01-30-130,1.0
30,2016-01-30-130,1.0
19,2016-01-30-130,1.0
14,2016-01-30-130,3.5
26,2016-01-30-130,2.5
59,2016-01-30-130,1.0
25,2016-01-30-130,1.0
56,2016-01-30-130,1.5
38,2016-01-30-130,2.0
3,2016-01-30-130,2.0
58,2016-01-30-130,1.0
47,2016-01-30-130,1.0
61,2016-01-30-130,1.0
35,2016-01-30-130,1.0
5,2016-01-30-130,1.0
57,2016-01-30-130,1.0
12,2016-01-30-130,2.0
28,2016-01-30-130,8.5
15,2016-01-30-130,1.0
23,2016-01-30-130,14.0
65,2016-01-30-130,1.0
66,2016-01-30-130,1.0
44,2016-01-30-130,1.0
22,2016-01-30-130,10.5
7,2016-01-30-130,21.0
16,2016-01-30-130,1.0
31,2016-01-30-130,1.0
37,2016-01-30-130,4.5
27,2016-01-30-130,5.0
51,2016-01-30-130,524.0
62,2016-01-30-130,1.0
54,2016-01-30-130,1.0
40,2016-01-30-130,1.0
46,2016-01-30-130,3.0
20,2016-01-30-130,2.5
8,2016-01-30-130,16.5
11,2016-01-30-130,1.0
2,2016-01-30-130,1.0
32,2016-01-30-130,1.0
4,2016-01-30-130,2.0
10,2016-01-30-130,1.0
29,2016-01-30-130,2.0
52,2016-01-30-130,1.0
1,2016-01-30-130,5.0
6,2016-01-30-130,1.0
49,2016-01-30-130,1.0
36,2016-01-30-130,1.0
13,2016-01-30-130,1.0
18,2016-01-30-130,1.0
24,2016-01-30-142,1.0
43,2016-01-30-142,1.0
21,2016-01-30-142,1.0
60,2016-01-30-142,1.0
34,2016-01-30-142,1.0
50,2016-01-30-142,1.0
9,2016-01-30-142,1.0
33,2016-01-30-142,1.0
48,2016-01-30-142,5.5
64,2016-01-30-142,1.0
55,2016-01-30-142,1.0
53,2016-01-30-142,1.0
17,2016-01-30-142,1.0
45,2016-01-30-142,1.0
63,2016-01-30-142,1.0
42,2016-01-30-142,1.0
39,2016-01-30-142,1.0
41,2016-01-30-142,1.0
30,2016-01-30-142,1.0
19,2016-01-30-142,1.0
14,2016-01-30-142,2.0
26,2016-01-30-142,1.0
59,2016-01-30-142,1.0
25,2016-01-30-142,1.0
56,2016-01-30-142,1.0
38,2016-01-30-142,1.0
3,2016-01-30-142,1.0
58,2016-01-30-142,1.0
47,2016-01-30-142,2.0
61,2016-01-30-142,1.0
35,2016-01-30-142,1.0
5,2016-01-30-142,1.0
57,2016-01-30-142,1.0
12,2016-01-30-142,4.0
28,2016-01-30-142,2.5
15,2016-01-30-142,1.0
23,2016-01-30-142,11.0
65,2016-01-30-142,1.0
66,2016-01-30-142,1.0
44,2016-01-30-142,1.0
22,2016-01-30-142,12.5
7,2016-01-30-142,2.5
16,2016-01-30-142,1.0
31,2016-01-30-142,1.0
37,2016-01-30-142,2.0
27,2016-01-30-142,2.5
51,2016-01-30-142,126.5
62,2016-01-30-142,1.0
54,2016-01-30-142,1.0
40,2016-01-30-142,1.0
46,2016-01-30-142,2.0
20,2016-01-30-142,1.5
8,2016-01-30-142,4.5
11,2016-01-30-142,1.0
2,2016-01-30-142,1.0
32,2016-01-30-142,1.0
4,2016-01-30-142,1.0
10,2016-01-30-142,1.0
29,2016-01-30-142,1.0
52,2016-01-30-142,1.0
1,2016-01-30-142,7.0
6,2016-01-30-142,2.5
49,2016-01-30-142,1.0
36,2016-01-30-142,1.0
13,2016-01-30-142,1.0
18,2016-01-30-142,1.0
