53,2016-01-24-130,1.0
53,2016-01-30-118,1.0
53,2016-01-28-70,1.0
53,2016-01-26-106,1.0
53,2016-01-22-46,1.0
53,2016-01-28-82,1.89525909998
53,2016-01-30-142,1.0
53,2016-01-26-118,1.0
53,2016-01-22-58,7.01239352985
53,2016-01-30-58,1.0
53,2016-01-28-94,1.19747497015
53,2016-01-26-130,1.0
53,2016-01-22-70,2.16956164252
53,2016-01-28-106,1.0
53,2016-01-28-142,1.0
53,2016-01-30-82,1.0
53,2016-01-26-142,1.0
53,2016-01-22-82,1.99970030933
53,2016-01-28-118,1.0
53,2016-01-24-58,1.87585672715
53,2016-01-30-106,1.0
53,2016-01-22-94,1.0
53,2016-01-28-130,1.0
53,2016-01-24-70,1.99970030933
53,2016-01-22-106,1.59324805317
53,2016-01-30-130,1.0
53,2016-01-26-46,1.0
53,2016-01-24-82,1.0
53,2016-01-24-142,1.0
53,2016-01-22-118,1.57067630211
53,2016-01-26-58,3.12744455836
53,2016-01-24-94,1.0
53,2016-01-22-130,1.0
53,2016-01-30-70,1.0
53,2016-01-26-70,1.99970030933
53,2016-01-24-106,1.0
53,2016-01-22-142,1.0
53,2016-01-26-82,2.02323066306
53,2016-01-30-94,1.0
53,2016-01-24-118,1.0
53,2016-01-28-58,8.03819765573
53,2016-01-26-94,1.0
53,2016-01-30-46,1.0
24,2016-01-24-130,4.81838515399
24,2016-01-30-118,2.25338646426
24,2016-01-28-70,10.8348055696
24,2016-01-26-106,2.50029462279
24,2016-01-22-46,17.5912892724
24,2016-01-28-82,31.6096202993
24,2016-01-30-142,1.2344251569
24,2016-01-26-118,1.89861239929
24,2016-01-22-58,68.9910607797
24,2016-01-30-58,9.62393443621
24,2016-01-28-94,3.64401580777
24,2016-01-26-130,1.85765496174
24,2016-01-22-70,44.6613379212
24,2016-01-28-106,4.4981762781
24,2016-01-28-142,1.0
24,2016-01-30-82,53.3388793441
24,2016-01-26-142,1.0
24,2016-01-22-82,43.7064146764
24,2016-01-28-118,1.37784643123
24,2016-01-24-58,55.4271621284
24,2016-01-30-106,2.34093817903
24,2016-01-22-94,7.31609179487
24,2016-01-28-130,1.95127170195
24,2016-01-24-70,59.2730558874
24,2016-01-22-106,2.22176822656
24,2016-01-30-130,1.89036708609
24,2016-01-26-46,20.5989117242
24,2016-01-24-82,11.5048597164
24,2016-01-24-142,2.13629565579
24,2016-01-22-118,2.05811201247
24,2016-01-26-58,96.1376629468
24,2016-01-24-94,2.3547729521
24,2016-01-22-130,1.84405276602
24,2016-01-30-70,43.9357164553
24,2016-01-26-70,25.7815352185
24,2016-01-24-106,2.18677532054
24,2016-01-22-142,1.0
24,2016-01-26-82,43.2342528046
24,2016-01-30-94,6.12127819692
24,2016-01-24-118,4.04168086575
24,2016-01-28-58,92.7840877138
24,2016-01-26-94,4.52396644288
24,2016-01-30-46,19.0594331959
43,2016-01-24-130,1.03952336151
43,2016-01-30-118,1.0
43,2016-01-28-70,1.0
43,2016-01-26-106,1.0
43,2016-01-22-46,1.0
43,2016-01-28-82,1.0
43,2016-01-30-142,1.0
43,2016-01-26-118,1.0
43,2016-01-22-58,1.0
43,2016-01-30-58,1.0
43,2016-01-28-94,1.0
43,2016-01-26-130,1.0
43,2016-01-22-70,1.0
43,2016-01-28-106,1.0
43,2016-01-28-142,1.0
43,2016-01-30-82,1.0
43,2016-01-26-142,1.0
43,2016-01-22-82,1.0
43,2016-01-28-118,1.0
43,2016-01-24-58,1.0
43,2016-01-30-106,1.0
43,2016-01-22-94,1.0
43,2016-01-28-130,1.0
43,2016-01-24-70,1.0
43,2016-01-22-106,1.19921210922
43,2016-01-30-130,1.0
43,2016-01-26-46,1.0
43,2016-01-24-82,1.0
43,2016-01-24-142,1.1729
43,2016-01-22-118,1.0
43,2016-01-26-58,1.0
43,2016-01-24-94,1.0
43,2016-01-22-130,1.0
43,2016-01-30-70,1.0
43,2016-01-26-70,1.0
43,2016-01-24-106,1.0
43,2016-01-22-142,1.0
43,2016-01-26-82,1.0
43,2016-01-30-94,1.0
43,2016-01-24-118,1.0
43,2016-01-28-58,1.0
43,2016-01-26-94,1.0
43,2016-01-30-46,1.0
21,2016-01-24-130,1.06835777133
21,2016-01-30-118,1.61079719741
21,2016-01-28-70,1.0
21,2016-01-26-106,2.14112728628
21,2016-01-22-46,1.91896613989
21,2016-01-28-82,1.0
21,2016-01-30-142,1.0
21,2016-01-26-118,1.54366198764
21,2016-01-22-58,1.42540512355
21,2016-01-30-58,1.29007480969
21,2016-01-28-94,1.18610285314
21,2016-01-26-130,1.08594314618
21,2016-01-22-70,1.00840462517
21,2016-01-28-106,1.81563587098
21,2016-01-28-142,1.0
21,2016-01-30-82,1.66899453849
21,2016-01-26-142,1.0
21,2016-01-22-82,1.86604257938
21,2016-01-28-118,1.11181810229
21,2016-01-24-58,1.0309167474
21,2016-01-30-106,1.55443896138
21,2016-01-22-94,1.02409197418
21,2016-01-28-130,1.62826539186
21,2016-01-24-70,2.01510332312
21,2016-01-22-106,2.19568255451
21,2016-01-30-130,1.05908221533
21,2016-01-26-46,1.94341042719
21,2016-01-24-82,1.0602131252
21,2016-01-24-142,1.0
21,2016-01-22-118,1.24466252783
21,2016-01-26-58,1.31215408857
21,2016-01-24-94,1.23034675926
21,2016-01-22-130,2.10118203676
21,2016-01-30-70,1.0
21,2016-01-26-70,1.09411577193
21,2016-01-24-106,1.94087272593
21,2016-01-22-142,1.0
21,2016-01-26-82,1.0
21,2016-01-30-94,1.22140752613
21,2016-01-24-118,2.2675456403
21,2016-01-28-58,1.61859608044
21,2016-01-26-94,1.0
21,2016-01-30-46,4.46107624833
60,2016-01-24-130,1.0
60,2016-01-30-118,1.0
60,2016-01-28-70,1.0
60,2016-01-26-106,1.0
60,2016-01-22-46,1.0
60,2016-01-28-82,1.0
60,2016-01-30-142,1.0
60,2016-01-26-118,1.0
60,2016-01-22-58,1.0
60,2016-01-30-58,1.0
60,2016-01-28-94,1.0
60,2016-01-26-130,1.0
60,2016-01-22-70,1.0
60,2016-01-28-106,1.0
60,2016-01-28-142,1.0
60,2016-01-30-82,1.0
60,2016-01-26-142,1.10622826586
60,2016-01-22-82,1.0
60,2016-01-28-118,1.0
60,2016-01-24-58,1.0
60,2016-01-30-106,1.0
60,2016-01-22-94,1.0
60,2016-01-28-130,1.0
60,2016-01-24-70,1.0
60,2016-01-22-106,1.0
60,2016-01-30-130,1.67680164119
60,2016-01-26-46,1.0
60,2016-01-24-82,1.0
60,2016-01-24-142,1.0
60,2016-01-22-118,1.0
60,2016-01-26-58,1.0
60,2016-01-24-94,1.0
60,2016-01-22-130,1.0
60,2016-01-30-70,1.0
60,2016-01-26-70,1.0
60,2016-01-24-106,1.0
60,2016-01-22-142,1.0
60,2016-01-26-82,1.0
60,2016-01-30-94,1.0
60,2016-01-24-118,1.0
60,2016-01-28-58,1.0
60,2016-01-26-94,1.0
60,2016-01-30-46,1.0
34,2016-01-24-130,1.0
34,2016-01-30-118,1.0
34,2016-01-28-70,1.0
34,2016-01-26-106,1.0
34,2016-01-22-46,1.0
34,2016-01-28-82,1.0
34,2016-01-30-142,1.0
34,2016-01-26-118,1.0
34,2016-01-22-58,1.0
34,2016-01-30-58,1.0
34,2016-01-28-94,1.0
34,2016-01-26-130,1.0
34,2016-01-22-70,1.0
34,2016-01-28-106,1.0
34,2016-01-28-142,1.0
34,2016-01-30-82,1.0
34,2016-01-26-142,1.0
34,2016-01-22-82,1.0
34,2016-01-28-118,1.0
34,2016-01-24-58,1.0
34,2016-01-30-106,1.0
34,2016-01-22-94,1.0
34,2016-01-28-130,1.17057497513
34,2016-01-24-70,1.0
34,2016-01-22-106,1.0
34,2016-01-30-130,1.0
34,2016-01-26-46,1.0
34,2016-01-24-82,1.0
34,2016-01-24-142,1.0
34,2016-01-22-118,1.0
34,2016-01-26-58,1.0
34,2016-01-24-94,1.0
34,2016-01-22-130,1.0
34,2016-01-30-70,1.0
34,2016-01-26-70,1.0
34,2016-01-24-106,1.0
34,2016-01-22-142,1.0
34,2016-01-26-82,1.0
34,2016-01-30-94,1.54811246465
34,2016-01-24-118,1.0
34,2016-01-28-58,1.0
34,2016-01-26-94,1.0
34,2016-01-30-46,1.0
44,2016-01-24-130,1.0
44,2016-01-30-118,1.0
44,2016-01-28-70,1.0
44,2016-01-26-106,1.0
44,2016-01-22-46,1.0
44,2016-01-28-82,1.0
44,2016-01-30-142,1.0
44,2016-01-26-118,1.0
44,2016-01-22-58,1.0
44,2016-01-30-58,1.0
44,2016-01-28-94,1.0
44,2016-01-26-130,1.0
44,2016-01-22-70,1.0
44,2016-01-28-106,1.0
44,2016-01-28-142,1.0
44,2016-01-30-82,1.0
44,2016-01-26-142,1.0
44,2016-01-22-82,1.0
44,2016-01-28-118,1.0
44,2016-01-24-58,1.0
44,2016-01-30-106,1.0
44,2016-01-22-94,1.0
44,2016-01-28-130,1.0
44,2016-01-24-70,1.0
44,2016-01-22-106,1.0
44,2016-01-30-130,1.0
44,2016-01-26-46,3.82034610829
44,2016-01-24-82,1.0
44,2016-01-24-142,1.0
44,2016-01-22-118,1.0
44,2016-01-26-58,1.0
44,2016-01-24-94,1.0
44,2016-01-22-130,1.0
44,2016-01-30-70,1.0
44,2016-01-26-70,1.0
44,2016-01-24-106,1.0
44,2016-01-22-142,1.0
44,2016-01-26-82,1.0
44,2016-01-30-94,1.0
44,2016-01-24-118,1.0
44,2016-01-28-58,1.0
44,2016-01-26-94,1.0
44,2016-01-30-46,1.0
50,2016-01-24-130,1.0
50,2016-01-30-118,1.0
50,2016-01-28-70,1.0
50,2016-01-26-106,1.0
50,2016-01-22-46,1.0
50,2016-01-28-82,1.91683121081
50,2016-01-30-142,1.0
50,2016-01-26-118,1.0
50,2016-01-22-58,1.0
50,2016-01-30-58,1.0
50,2016-01-28-94,1.0
50,2016-01-26-130,1.0
50,2016-01-22-70,1.0
50,2016-01-28-106,1.0
50,2016-01-28-142,1.0
50,2016-01-30-82,1.0
50,2016-01-26-142,1.0
50,2016-01-22-82,1.0
50,2016-01-28-118,1.0
50,2016-01-24-58,1.0
50,2016-01-30-106,1.0
50,2016-01-22-94,1.0
50,2016-01-28-130,1.0
50,2016-01-24-70,1.0
50,2016-01-22-106,1.0
50,2016-01-30-130,1.0
50,2016-01-26-46,1.0
50,2016-01-24-82,1.0
50,2016-01-24-142,1.0
50,2016-01-22-118,1.0
50,2016-01-26-58,1.0
50,2016-01-24-94,1.0
50,2016-01-22-130,1.0
50,2016-01-30-70,1.0
50,2016-01-26-70,1.0
50,2016-01-24-106,1.0
50,2016-01-22-142,1.0
50,2016-01-26-82,1.0
50,2016-01-30-94,1.0
50,2016-01-24-118,1.0
50,2016-01-28-58,1.0
50,2016-01-26-94,1.0
50,2016-01-30-46,1.0
9,2016-01-24-130,1.96390322362
9,2016-01-30-118,1.0
9,2016-01-28-70,1.0
9,2016-01-26-106,1.0
9,2016-01-22-46,1.0
9,2016-01-28-82,1.0
9,2016-01-30-142,1.0
9,2016-01-26-118,1.39678284262
9,2016-01-22-58,1.0
9,2016-01-30-58,1.0
9,2016-01-28-94,1.0
9,2016-01-26-130,1.38029225091
9,2016-01-22-70,1.0
9,2016-01-28-106,1.00718766534
9,2016-01-28-142,1.0
9,2016-01-30-82,1.0
9,2016-01-26-142,1.0
9,2016-01-22-82,1.32464077644
9,2016-01-28-118,1.0
9,2016-01-24-58,1.0
9,2016-01-30-106,1.0
9,2016-01-22-94,1.0254332544
9,2016-01-28-130,1.0
9,2016-01-24-70,2.39721344767
9,2016-01-22-106,1.0
9,2016-01-30-130,1.0
9,2016-01-26-46,1.0
9,2016-01-24-82,1.0
9,2016-01-24-142,1.0
9,2016-01-22-118,1.03200516691
9,2016-01-26-58,10.1653574568
9,2016-01-24-94,1.582525083
9,2016-01-22-130,1.0
9,2016-01-30-70,1.0
9,2016-01-26-70,2.1421038417
9,2016-01-24-106,1.60220550129
9,2016-01-22-142,1.0
9,2016-01-26-82,2.01849086243
9,2016-01-30-94,1.081
9,2016-01-24-118,1.02905535715
9,2016-01-28-58,2.07593029984
9,2016-01-26-94,1.56717750279
9,2016-01-30-46,1.0
33,2016-01-24-130,1.0
33,2016-01-30-118,1.0
33,2016-01-28-70,1.95155281092
33,2016-01-26-106,1.0
33,2016-01-22-46,1.0
33,2016-01-28-82,1.0
33,2016-01-30-142,1.0
33,2016-01-26-118,1.0
33,2016-01-22-58,1.0
33,2016-01-30-58,1.0
33,2016-01-28-94,1.0
33,2016-01-26-130,1.0
33,2016-01-22-70,1.0
33,2016-01-28-106,1.0
33,2016-01-28-142,1.0
33,2016-01-30-82,1.0
33,2016-01-26-142,1.0
33,2016-01-22-82,1.9343646972
33,2016-01-28-118,1.0
33,2016-01-24-58,1.0
33,2016-01-30-106,1.0
33,2016-01-22-94,1.0
33,2016-01-28-130,1.0
33,2016-01-24-70,1.0
33,2016-01-22-106,1.0
33,2016-01-30-130,1.0
33,2016-01-26-46,1.0
33,2016-01-24-82,1.0
33,2016-01-24-142,1.0
33,2016-01-22-118,1.0
33,2016-01-26-58,1.0
33,2016-01-24-94,1.0
33,2016-01-22-130,1.0
33,2016-01-30-70,1.0
33,2016-01-26-70,1.0
33,2016-01-24-106,1.0
33,2016-01-22-142,1.0
33,2016-01-26-82,1.0
33,2016-01-30-94,1.54811246465
33,2016-01-24-118,1.0
33,2016-01-28-58,1.0
33,2016-01-26-94,1.0
33,2016-01-30-46,1.0
48,2016-01-24-130,22.9265535015
48,2016-01-30-118,6.20120515275
48,2016-01-28-70,7.80156411681
48,2016-01-26-106,273.853826515
48,2016-01-22-46,14.2165501547
48,2016-01-28-82,8.70411888262
48,2016-01-30-142,3.10596666838
48,2016-01-26-118,9.00310537539
48,2016-01-22-58,4.38566833559
48,2016-01-30-58,2.73092462507
48,2016-01-28-94,20.3645319713
48,2016-01-26-130,25.9296440552
48,2016-01-22-70,4.81232935162
48,2016-01-28-106,122.419215157
48,2016-01-28-142,6.03916441171
48,2016-01-30-82,32.3272074461
48,2016-01-26-142,6.31402653145
48,2016-01-22-82,7.54060887299
48,2016-01-28-118,16.1221422344
48,2016-01-24-58,2.70145023454
48,2016-01-30-106,280.83313451
48,2016-01-22-94,21.6065465638
48,2016-01-28-130,51.505273901
48,2016-01-24-70,3.55300395888
48,2016-01-22-106,279.800280852
48,2016-01-30-130,47.1519753787
48,2016-01-26-46,9.92868181304
48,2016-01-24-82,11.9724303508
48,2016-01-24-142,6.36422420883
48,2016-01-22-118,13.794331195
48,2016-01-26-58,6.231201603
48,2016-01-24-94,24.3075776729
48,2016-01-22-130,82.4006448655
48,2016-01-30-70,4.72622306905
48,2016-01-26-70,27.695834143
48,2016-01-24-106,82.8335046754
48,2016-01-22-142,11.1672933421
48,2016-01-26-82,73.1602864223
48,2016-01-30-94,23.1864667235
48,2016-01-24-118,8.1344244323
48,2016-01-28-58,6.56958332568
48,2016-01-26-94,20.2378280321
48,2016-01-30-46,60.0060781678
64,2016-01-24-130,1.0
64,2016-01-30-118,1.0
64,2016-01-28-70,1.0
64,2016-01-26-106,1.833228183
64,2016-01-22-46,1.0
64,2016-01-28-82,1.0
64,2016-01-30-142,1.0
64,2016-01-26-118,1.0
64,2016-01-22-58,1.0
64,2016-01-30-58,1.0
64,2016-01-28-94,1.0
64,2016-01-26-130,1.0
64,2016-01-22-70,1.0
64,2016-01-28-106,1.0
64,2016-01-28-142,1.0
64,2016-01-30-82,1.0
64,2016-01-26-142,1.0
64,2016-01-22-82,1.0
64,2016-01-28-118,1.0
64,2016-01-24-58,1.0
64,2016-01-30-106,1.0
64,2016-01-22-94,1.0
64,2016-01-28-130,1.0
64,2016-01-24-70,1.0
64,2016-01-22-106,1.99997048733
64,2016-01-30-130,1.0
64,2016-01-26-46,1.0
64,2016-01-24-82,1.0
64,2016-01-24-142,1.0
64,2016-01-22-118,1.0
64,2016-01-26-58,1.0
64,2016-01-24-94,1.0
64,2016-01-22-130,1.0
64,2016-01-30-70,1.0
64,2016-01-26-70,1.0
64,2016-01-24-106,1.0
64,2016-01-22-142,1.0
64,2016-01-26-82,1.0
64,2016-01-30-94,1.0
64,2016-01-24-118,1.0
64,2016-01-28-58,1.0
64,2016-01-26-94,1.0
64,2016-01-30-46,1.0
55,2016-01-24-130,1.0
55,2016-01-30-118,1.0
55,2016-01-28-70,1.0
55,2016-01-26-106,1.0
55,2016-01-22-46,1.0
55,2016-01-28-82,1.0
55,2016-01-30-142,1.0
55,2016-01-26-118,1.0
55,2016-01-22-58,1.0
55,2016-01-30-58,1.0
55,2016-01-28-94,1.0
55,2016-01-26-130,1.0
55,2016-01-22-70,1.0
55,2016-01-28-106,1.0
55,2016-01-28-142,1.0
55,2016-01-30-82,1.0
55,2016-01-26-142,1.0
55,2016-01-22-82,1.0
55,2016-01-28-118,1.0
55,2016-01-24-58,1.0
55,2016-01-30-106,1.0
55,2016-01-22-94,1.0
55,2016-01-28-130,1.0
55,2016-01-24-70,1.0
55,2016-01-22-106,1.0
55,2016-01-30-130,1.0
55,2016-01-26-46,1.0
55,2016-01-24-82,1.0
55,2016-01-24-142,1.00468012409
55,2016-01-22-118,1.0
55,2016-01-26-58,1.0
55,2016-01-24-94,1.0
55,2016-01-22-130,1.0
55,2016-01-30-70,1.0
55,2016-01-26-70,1.0
55,2016-01-24-106,1.0
55,2016-01-22-142,1.0
55,2016-01-26-82,1.0
55,2016-01-30-94,1.0
55,2016-01-24-118,1.0
55,2016-01-28-58,1.0
55,2016-01-26-94,1.0
55,2016-01-30-46,1.0
37,2016-01-24-130,4.63894217735
37,2016-01-30-118,3.03398154496
37,2016-01-28-70,17.2952793213
37,2016-01-26-106,10.411105085
37,2016-01-22-46,59.9319509239
37,2016-01-28-82,53.7804540137
37,2016-01-30-142,1.93694143455
37,2016-01-26-118,3.70703148347
37,2016-01-22-58,278.396877822
37,2016-01-30-58,24.1167262355
37,2016-01-28-94,12.9038499255
37,2016-01-26-130,14.5406979262
37,2016-01-22-70,20.8765531315
37,2016-01-28-106,22.5680814094
37,2016-01-28-142,2.16190018717
37,2016-01-30-82,120.043607527
37,2016-01-26-142,1.39158148594
37,2016-01-22-82,77.5627688703
37,2016-01-28-118,7.47223869203
37,2016-01-24-58,27.8590185939
37,2016-01-30-106,7.61398232855
37,2016-01-22-94,13.1025034493
37,2016-01-28-130,18.215466617
37,2016-01-24-70,110.477456669
37,2016-01-22-106,110.386269956
37,2016-01-30-130,6.49037034428
37,2016-01-26-46,83.7538213129
37,2016-01-24-82,33.5488811849
37,2016-01-24-142,1.04103373416
37,2016-01-22-118,4.48788520245
37,2016-01-26-58,203.862770922
37,2016-01-24-94,6.63692988081
37,2016-01-22-130,14.9300889152
37,2016-01-30-70,114.577641824
37,2016-01-26-70,58.892536368
37,2016-01-24-106,4.26738095225
37,2016-01-22-142,1.72302622581
37,2016-01-26-82,67.9246269255
37,2016-01-30-94,13.8888847484
37,2016-01-24-118,2.70052234759
37,2016-01-28-58,160.186825676
37,2016-01-26-94,7.05241387724
37,2016-01-30-46,7.81258319825
17,2016-01-24-130,1.0
17,2016-01-30-118,1.0
17,2016-01-28-70,1.0
17,2016-01-26-106,1.0
17,2016-01-22-46,1.0
17,2016-01-28-82,1.22328342845
17,2016-01-30-142,1.1
17,2016-01-26-118,1.0
17,2016-01-22-58,1.0
17,2016-01-30-58,1.0
17,2016-01-28-94,1.0
17,2016-01-26-130,1.0
17,2016-01-22-70,1.0
17,2016-01-28-106,1.0
17,2016-01-28-142,1.0
17,2016-01-30-82,1.0
17,2016-01-26-142,1.0
17,2016-01-22-82,1.0
17,2016-01-28-118,1.0
17,2016-01-24-58,1.0
17,2016-01-30-106,1.0
17,2016-01-22-94,1.0
17,2016-01-28-130,1.0
17,2016-01-24-70,1.0
17,2016-01-22-106,1.0
17,2016-01-30-130,1.0
17,2016-01-26-46,1.0
17,2016-01-24-82,1.0
17,2016-01-24-142,1.0
17,2016-01-22-118,1.0
17,2016-01-26-58,1.83904799254
17,2016-01-24-94,1.0
17,2016-01-22-130,1.0
17,2016-01-30-70,1.0
17,2016-01-26-70,1.0
17,2016-01-24-106,1.0
17,2016-01-22-142,1.0
17,2016-01-26-82,1.0
17,2016-01-30-94,1.0
17,2016-01-24-118,1.0
17,2016-01-28-58,1.0
17,2016-01-26-94,1.0
17,2016-01-30-46,1.0
45,2016-01-24-130,1.0
45,2016-01-30-118,1.0
45,2016-01-28-70,1.0
45,2016-01-26-106,1.0
45,2016-01-22-46,1.0
45,2016-01-28-82,1.0
45,2016-01-30-142,1.0
45,2016-01-26-118,1.0
45,2016-01-22-58,1.0
45,2016-01-30-58,1.0
45,2016-01-28-94,1.0
45,2016-01-26-130,1.0
45,2016-01-22-70,1.0
45,2016-01-28-106,1.0
45,2016-01-28-142,1.0
45,2016-01-30-82,1.0
45,2016-01-26-142,1.0
45,2016-01-22-82,1.79078344663
45,2016-01-28-118,1.0
45,2016-01-24-58,1.0
45,2016-01-30-106,1.0
45,2016-01-22-94,1.0
45,2016-01-28-130,1.0
45,2016-01-24-70,1.0
45,2016-01-22-106,1.0
45,2016-01-30-130,1.0
45,2016-01-26-46,1.0
45,2016-01-24-82,2.02415999371
45,2016-01-24-142,1.0
45,2016-01-22-118,1.0
45,2016-01-26-58,1.0
45,2016-01-24-94,1.0
45,2016-01-22-130,1.0
45,2016-01-30-70,1.0
45,2016-01-26-70,1.0
45,2016-01-24-106,1.0
45,2016-01-22-142,1.0
45,2016-01-26-82,1.0
45,2016-01-30-94,1.0
45,2016-01-24-118,1.0
45,2016-01-28-58,1.0
45,2016-01-26-94,1.0
45,2016-01-30-46,1.0
63,2016-01-24-130,1.0
63,2016-01-30-118,1.0
63,2016-01-28-70,1.0
63,2016-01-26-106,1.0
63,2016-01-22-46,1.0
63,2016-01-28-82,1.0
63,2016-01-30-142,1.0
63,2016-01-26-118,1.0
63,2016-01-22-58,1.0
63,2016-01-30-58,1.0
63,2016-01-28-94,1.0
63,2016-01-26-130,1.0
63,2016-01-22-70,1.0
63,2016-01-28-106,1.0
63,2016-01-28-142,1.0
63,2016-01-30-82,1.0
63,2016-01-26-142,1.0
63,2016-01-22-82,1.0
63,2016-01-28-118,1.0
63,2016-01-24-58,1.0
63,2016-01-30-106,1.0
63,2016-01-22-94,1.0
63,2016-01-28-130,1.0
63,2016-01-24-70,1.0
63,2016-01-22-106,1.0
63,2016-01-30-130,1.0
63,2016-01-26-46,1.0
63,2016-01-24-82,1.0
63,2016-01-24-142,1.0
63,2016-01-22-118,1.0
63,2016-01-26-58,1.0
63,2016-01-24-94,1.0
63,2016-01-22-130,1.0
63,2016-01-30-70,1.0
63,2016-01-26-70,1.0
63,2016-01-24-106,1.0
63,2016-01-22-142,1.0
63,2016-01-26-82,1.0
63,2016-01-30-94,1.0
63,2016-01-24-118,1.0
63,2016-01-28-58,1.0
63,2016-01-26-94,1.0
63,2016-01-30-46,1.0
42,2016-01-24-130,2.40237925493
42,2016-01-30-118,1.97268179978
42,2016-01-28-70,3.43481067845
42,2016-01-26-106,3.43428240798
42,2016-01-22-46,2.49045650413
42,2016-01-28-82,2.01858168219
42,2016-01-30-142,1.7202242496
42,2016-01-26-118,1.96883748572
42,2016-01-22-58,2.11495595014
42,2016-01-30-58,1.60930016847
42,2016-01-28-94,1.8870976707
42,2016-01-26-130,1.90763309094
42,2016-01-22-70,7.00328098551
42,2016-01-28-106,2.09797238978
42,2016-01-28-142,1.81122965555
42,2016-01-30-82,15.3465830205
42,2016-01-26-142,1.49660592356
42,2016-01-22-82,1.97379894204
42,2016-01-28-118,2.24564773525
42,2016-01-24-58,4.43552365638
42,2016-01-30-106,1.69515678695
42,2016-01-22-94,2.07589267613
42,2016-01-28-130,1.74264877548
42,2016-01-24-70,2.25553477107
42,2016-01-22-106,2.63798779479
42,2016-01-30-130,2.01515565228
42,2016-01-26-46,2.93971883164
42,2016-01-24-82,2.09926458636
42,2016-01-24-142,2.35420447811
42,2016-01-22-118,2.05548392045
42,2016-01-26-58,1.92276020565
42,2016-01-24-94,2.09645524733
42,2016-01-22-130,1.9521329633
42,2016-01-30-70,8.82707289863
42,2016-01-26-70,15.2589531712
42,2016-01-24-106,2.87861315383
42,2016-01-22-142,18.9263753931
42,2016-01-26-82,4.67355520496
42,2016-01-30-94,1.73228592167
42,2016-01-24-118,1.8837061539
42,2016-01-28-58,3.2654024477
42,2016-01-26-94,2.26389573106
42,2016-01-30-46,9.52236465296
39,2016-01-24-130,1.03012532063
39,2016-01-30-118,1.0
39,2016-01-28-70,1.0
39,2016-01-26-106,1.0
39,2016-01-22-46,1.0
39,2016-01-28-82,1.0
39,2016-01-30-142,1.9964036601
39,2016-01-26-118,1.0
39,2016-01-22-58,1.0
39,2016-01-30-58,1.0
39,2016-01-28-94,1.0
39,2016-01-26-130,1.0
39,2016-01-22-70,1.0
39,2016-01-28-106,1.0
39,2016-01-28-142,1.9964036601
39,2016-01-30-82,1.0
39,2016-01-26-142,1.0
39,2016-01-22-82,1.0
39,2016-01-28-118,1.0
39,2016-01-24-58,1.0
39,2016-01-30-106,1.0
39,2016-01-22-94,1.0
39,2016-01-28-130,1.0
39,2016-01-24-70,1.0
39,2016-01-22-106,1.0
39,2016-01-30-130,1.0
39,2016-01-26-46,1.0
39,2016-01-24-82,1.0
39,2016-01-24-142,1.0
39,2016-01-22-118,1.0
39,2016-01-26-58,1.0
39,2016-01-24-94,1.0
39,2016-01-22-130,1.0
39,2016-01-30-70,1.0
39,2016-01-26-70,1.0
39,2016-01-24-106,1.0
39,2016-01-22-142,1.9964036601
39,2016-01-26-82,1.22328342845
39,2016-01-30-94,1.0
39,2016-01-24-118,1.0
39,2016-01-28-58,1.0
39,2016-01-26-94,1.0
39,2016-01-30-46,1.0
41,2016-01-24-130,1.83337098469
41,2016-01-30-118,1.0
41,2016-01-28-70,1.22328342845
41,2016-01-26-106,1.0
41,2016-01-22-46,1.0
41,2016-01-28-82,1.0
41,2016-01-30-142,1.9964036601
41,2016-01-26-118,1.0
41,2016-01-22-58,4.13196551892
41,2016-01-30-58,1.0
41,2016-01-28-94,1.0
41,2016-01-26-130,1.0
41,2016-01-22-70,1.9005424576
41,2016-01-28-106,1.0
41,2016-01-28-142,1.0
41,2016-01-30-82,1.0
41,2016-01-26-142,1.0
41,2016-01-22-82,1.0
41,2016-01-28-118,1.0
41,2016-01-24-58,1.95535955958
41,2016-01-30-106,1.0
41,2016-01-22-94,1.0
41,2016-01-28-130,1.0
41,2016-01-24-70,1.93738852824
41,2016-01-22-106,1.0
41,2016-01-30-130,1.0
41,2016-01-26-46,1.0
41,2016-01-24-82,1.0
41,2016-01-24-142,1.0
41,2016-01-22-118,1.0
41,2016-01-26-58,4.03218875705
41,2016-01-24-94,1.0
41,2016-01-22-130,1.0
41,2016-01-30-70,1.0
41,2016-01-26-70,1.88246218293
41,2016-01-24-106,1.0
41,2016-01-22-142,1.0
41,2016-01-26-82,1.0
41,2016-01-30-94,1.0
41,2016-01-24-118,1.0
41,2016-01-28-58,1.0
41,2016-01-26-94,1.0
41,2016-01-30-46,1.0
30,2016-01-24-130,1.0
30,2016-01-30-118,1.0
30,2016-01-28-70,1.0
30,2016-01-26-106,1.01601225262
30,2016-01-22-46,1.0
30,2016-01-28-82,1.0
30,2016-01-30-142,1.0
30,2016-01-26-118,1.0
30,2016-01-22-58,1.22328342845
30,2016-01-30-58,1.0
30,2016-01-28-94,1.0
30,2016-01-26-130,1.0
30,2016-01-22-70,1.0
30,2016-01-28-106,1.0
30,2016-01-28-142,1.0
30,2016-01-30-82,1.0
30,2016-01-26-142,1.0
30,2016-01-22-82,1.0
30,2016-01-28-118,1.0
30,2016-01-24-58,1.0
30,2016-01-30-106,1.0
30,2016-01-22-94,1.0
30,2016-01-28-130,1.0
30,2016-01-24-70,1.22328342845
30,2016-01-22-106,1.0
30,2016-01-30-130,1.0
30,2016-01-26-46,1.0
30,2016-01-24-82,1.0
30,2016-01-24-142,1.0
30,2016-01-22-118,1.0
30,2016-01-26-58,1.0
30,2016-01-24-94,1.0
30,2016-01-22-130,1.0
30,2016-01-30-70,1.0
30,2016-01-26-70,1.0
30,2016-01-24-106,1.0
30,2016-01-22-142,1.0
30,2016-01-26-82,1.0
30,2016-01-30-94,1.0
30,2016-01-24-118,1.0
30,2016-01-28-58,1.0
30,2016-01-26-94,1.0
30,2016-01-30-46,1.0
19,2016-01-24-130,1.77100885719
19,2016-01-30-118,1.01066990319
19,2016-01-28-70,1.10176616916
19,2016-01-26-106,1.74090804674
19,2016-01-22-46,1.35564711004
19,2016-01-28-82,1.13750429323
19,2016-01-30-142,1.0
19,2016-01-26-118,1.35566163941
19,2016-01-22-58,1.13212666695
19,2016-01-30-58,1.1640983301
19,2016-01-28-94,1.14749331736
19,2016-01-26-130,1.75513739481
19,2016-01-22-70,1.70203874662
19,2016-01-28-106,1.6775851076
19,2016-01-28-142,1.0
19,2016-01-30-82,1.41607518478
19,2016-01-26-142,1.79268514259
19,2016-01-22-82,1.00352557177
19,2016-01-28-118,1.81148830466
19,2016-01-24-58,1.14312649208
19,2016-01-30-106,1.42903196207
19,2016-01-22-94,1.00476543732
19,2016-01-28-130,1.40871669152
19,2016-01-24-70,1.25610297631
19,2016-01-22-106,1.96142768488
19,2016-01-30-130,1.0
19,2016-01-26-46,1.0
19,2016-01-24-82,1.36698922876
19,2016-01-24-142,1.0
19,2016-01-22-118,1.04936824782
19,2016-01-26-58,1.0
19,2016-01-24-94,1.0
19,2016-01-22-130,1.0
19,2016-01-30-70,1.04786246883
19,2016-01-26-70,2.83712226505
19,2016-01-24-106,1.85162787576
19,2016-01-22-142,1.0
19,2016-01-26-82,1.27957916279
19,2016-01-30-94,1.62755759643
19,2016-01-24-118,1.8223002595
19,2016-01-28-58,1.07353424687
19,2016-01-26-94,1.0
19,2016-01-30-46,1.0
1,2016-01-24-130,4.20699078822
1,2016-01-30-118,3.78473750069
1,2016-01-28-70,2.0608671604
1,2016-01-26-106,3.56032711638
1,2016-01-22-46,3.52607314094
1,2016-01-28-82,3.43151546072
1,2016-01-30-142,2.02494302359
1,2016-01-26-118,4.131836159
1,2016-01-22-58,2.61479963806
1,2016-01-30-58,1.86302455478
1,2016-01-28-94,3.60930621039
1,2016-01-26-130,3.8707299881
1,2016-01-22-70,3.02149362158
1,2016-01-28-106,3.69246881798
1,2016-01-28-142,2.26181719429
1,2016-01-30-82,2.88623332357
1,2016-01-26-142,2.40303111666
1,2016-01-22-82,3.1473578382
1,2016-01-28-118,4.07014850846
1,2016-01-24-58,2.89783466079
1,2016-01-30-106,3.53770793479
1,2016-01-22-94,3.24091262884
1,2016-01-28-130,4.01639779281
1,2016-01-24-70,2.55998538548
1,2016-01-22-106,4.60808083045
1,2016-01-30-130,6.08768170011
1,2016-01-26-46,4.11392669302
1,2016-01-24-82,2.86645043116
1,2016-01-24-142,3.89198250517
1,2016-01-22-118,4.46167230846
1,2016-01-26-58,2.37871038626
1,2016-01-24-94,3.22983317939
1,2016-01-22-130,4.27166558302
1,2016-01-30-70,2.56647140323
1,2016-01-26-70,3.60430442268
1,2016-01-24-106,7.55998697786
1,2016-01-22-142,2.38737450335
1,2016-01-26-82,2.6205324462
1,2016-01-30-94,2.42822216999
1,2016-01-24-118,4.84323754277
1,2016-01-28-58,2.50792242738
1,2016-01-26-94,2.23939057682
1,2016-01-30-46,14.8578261819
61,2016-01-24-130,1.0
61,2016-01-30-118,1.0
61,2016-01-28-70,1.0
61,2016-01-26-106,1.0
61,2016-01-22-46,1.0
61,2016-01-28-82,1.0
61,2016-01-30-142,1.0
61,2016-01-26-118,1.0
61,2016-01-22-58,1.0
61,2016-01-30-58,1.0
61,2016-01-28-94,1.0
61,2016-01-26-130,1.0
61,2016-01-22-70,1.0
61,2016-01-28-106,1.0
61,2016-01-28-142,1.0
61,2016-01-30-82,1.0
61,2016-01-26-142,1.0
61,2016-01-22-82,1.0
61,2016-01-28-118,1.0
61,2016-01-24-58,1.0
61,2016-01-30-106,1.0
61,2016-01-22-94,1.0
61,2016-01-28-130,1.0
61,2016-01-24-70,1.0
61,2016-01-22-106,1.0
61,2016-01-30-130,1.0
61,2016-01-26-46,1.0
61,2016-01-24-82,1.0
61,2016-01-24-142,1.0
61,2016-01-22-118,1.0
61,2016-01-26-58,1.0
61,2016-01-24-94,1.0
61,2016-01-22-130,1.0
61,2016-01-30-70,1.0
61,2016-01-26-70,1.0
61,2016-01-24-106,1.0
61,2016-01-22-142,1.0
61,2016-01-26-82,1.0
61,2016-01-30-94,1.0
61,2016-01-24-118,1.0
61,2016-01-28-58,1.0
61,2016-01-26-94,1.0
61,2016-01-30-46,1.0
25,2016-01-24-130,1.0
25,2016-01-30-118,1.01829931151
25,2016-01-28-70,1.0
25,2016-01-26-106,1.042882001
25,2016-01-22-46,1.0
25,2016-01-28-82,1.0
25,2016-01-30-142,1.0
25,2016-01-26-118,1.0
25,2016-01-22-58,35.9236298351
25,2016-01-30-58,1.0
25,2016-01-28-94,1.0
25,2016-01-26-130,1.0
25,2016-01-22-70,1.37718342845
25,2016-01-28-106,1.28530751057
25,2016-01-28-142,1.0
25,2016-01-30-82,1.0
25,2016-01-26-142,1.0
25,2016-01-22-82,1.0
25,2016-01-28-118,1.54408935673
25,2016-01-24-58,1.0
25,2016-01-30-106,1.03067275016
25,2016-01-22-94,1.0
25,2016-01-28-130,1.0
25,2016-01-24-70,1.29890620202
25,2016-01-22-106,1.35784925184
25,2016-01-30-130,1.0
25,2016-01-26-46,1.16015038855
25,2016-01-24-82,1.79015346379
25,2016-01-24-142,1.0
25,2016-01-22-118,1.01372197785
25,2016-01-26-58,26.9250712185
25,2016-01-24-94,1.23086123831
25,2016-01-22-130,1.0
25,2016-01-30-70,1.18534238907
25,2016-01-26-70,1.0
25,2016-01-24-106,1.06498441802
25,2016-01-22-142,1.0
25,2016-01-26-82,1.0
25,2016-01-30-94,1.0
25,2016-01-24-118,1.26854514675
25,2016-01-28-58,27.6840573172
25,2016-01-26-94,1.0
25,2016-01-30-46,1.0
59,2016-01-24-130,1.0
59,2016-01-30-118,1.0
59,2016-01-28-70,1.0
59,2016-01-26-106,1.0
59,2016-01-22-46,2.09961735817
59,2016-01-28-82,1.0
59,2016-01-30-142,1.0
59,2016-01-26-118,1.0
59,2016-01-22-58,1.0
59,2016-01-30-58,1.0
59,2016-01-28-94,1.0
59,2016-01-26-130,1.0
59,2016-01-22-70,1.0
59,2016-01-28-106,1.0
59,2016-01-28-142,1.0
59,2016-01-30-82,1.0
59,2016-01-26-142,1.0
59,2016-01-22-82,1.0
59,2016-01-28-118,1.0
59,2016-01-24-58,1.0
59,2016-01-30-106,1.0
59,2016-01-22-94,1.0
59,2016-01-28-130,1.0
59,2016-01-24-70,1.0
59,2016-01-22-106,1.0
59,2016-01-30-130,1.0
59,2016-01-26-46,4.72987495896
59,2016-01-24-82,1.0
59,2016-01-24-142,1.0
59,2016-01-22-118,1.0
59,2016-01-26-58,1.0
59,2016-01-24-94,1.0
59,2016-01-22-130,1.0
59,2016-01-30-70,1.0
59,2016-01-26-70,1.0
59,2016-01-24-106,1.0
59,2016-01-22-142,1.0
59,2016-01-26-82,1.0
59,2016-01-30-94,1.0
59,2016-01-24-118,1.0
59,2016-01-28-58,1.0
59,2016-01-26-94,1.0
59,2016-01-30-46,1.0
56,2016-01-24-130,1.10365506102
56,2016-01-30-118,1.0
56,2016-01-28-70,1.0
56,2016-01-26-106,1.0
56,2016-01-22-46,1.0
56,2016-01-28-82,1.0
56,2016-01-30-142,1.0
56,2016-01-26-118,1.0
56,2016-01-22-58,1.0
56,2016-01-30-58,1.0
56,2016-01-28-94,1.0
56,2016-01-26-130,1.0
56,2016-01-22-70,1.0
56,2016-01-28-106,1.76362450094
56,2016-01-28-142,1.0
56,2016-01-30-82,1.00834885098
56,2016-01-26-142,1.0
56,2016-01-22-82,1.0
56,2016-01-28-118,1.0
56,2016-01-24-58,1.0
56,2016-01-30-106,1.0
56,2016-01-22-94,1.0
56,2016-01-28-130,1.0
56,2016-01-24-70,1.0
56,2016-01-22-106,1.0
56,2016-01-30-130,1.0
56,2016-01-26-46,1.0
56,2016-01-24-82,1.0
56,2016-01-24-142,1.0
56,2016-01-22-118,1.0
56,2016-01-26-58,1.0
56,2016-01-24-94,1.0
56,2016-01-22-130,1.0
56,2016-01-30-70,1.0
56,2016-01-26-70,1.0
56,2016-01-24-106,1.0
56,2016-01-22-142,1.0
56,2016-01-26-82,1.0
56,2016-01-30-94,1.0
56,2016-01-24-118,1.0
56,2016-01-28-58,1.0
56,2016-01-26-94,1.0
56,2016-01-30-46,1.0
18,2016-01-24-130,1.0
18,2016-01-30-118,1.0
18,2016-01-28-70,1.0
18,2016-01-26-106,1.00009440175
18,2016-01-22-46,1.0
18,2016-01-28-82,1.22328342845
18,2016-01-30-142,1.0
18,2016-01-26-118,1.0
18,2016-01-22-58,1.74842229996
18,2016-01-30-58,1.0
18,2016-01-28-94,1.0
18,2016-01-26-130,1.0
18,2016-01-22-70,1.0
18,2016-01-28-106,1.0
18,2016-01-28-142,1.0
18,2016-01-30-82,1.0
18,2016-01-26-142,1.0
18,2016-01-22-82,1.91029412265
18,2016-01-28-118,1.0
18,2016-01-24-58,1.0
18,2016-01-30-106,1.0
18,2016-01-22-94,1.0
18,2016-01-28-130,1.0
18,2016-01-24-70,1.0
18,2016-01-22-106,1.0
18,2016-01-30-130,1.0
18,2016-01-26-46,1.0
18,2016-01-24-82,1.0
18,2016-01-24-142,1.63044792449
18,2016-01-22-118,1.0
18,2016-01-26-58,1.0
18,2016-01-24-94,1.0
18,2016-01-22-130,1.0
18,2016-01-30-70,1.0
18,2016-01-26-70,1.0
18,2016-01-24-106,1.0
18,2016-01-22-142,1.0
18,2016-01-26-82,1.0
18,2016-01-30-94,1.0
18,2016-01-24-118,1.0
18,2016-01-28-58,2.37881708786
18,2016-01-26-94,1.0
18,2016-01-30-46,1.0
58,2016-01-24-130,1.0
58,2016-01-30-118,1.0
58,2016-01-28-70,1.85035811713
58,2016-01-26-106,1.0
58,2016-01-22-46,1.0
58,2016-01-28-82,1.74581341717
58,2016-01-30-142,1.0
58,2016-01-26-118,1.0
58,2016-01-22-58,1.0
58,2016-01-30-58,1.0
58,2016-01-28-94,1.0
58,2016-01-26-130,1.0
58,2016-01-22-70,1.0
58,2016-01-28-106,1.0
58,2016-01-28-142,1.0
58,2016-01-30-82,1.0
58,2016-01-26-142,1.0
58,2016-01-22-82,1.84678471946
58,2016-01-28-118,1.0
58,2016-01-24-58,1.0
58,2016-01-30-106,1.0
58,2016-01-22-94,1.0
58,2016-01-28-130,1.0
58,2016-01-24-70,1.0
58,2016-01-22-106,1.0
58,2016-01-30-130,1.0
58,2016-01-26-46,1.0
58,2016-01-24-82,1.0
58,2016-01-24-142,1.0
58,2016-01-22-118,1.0
58,2016-01-26-58,1.34584198902
58,2016-01-24-94,1.0
58,2016-01-22-130,1.0
58,2016-01-30-70,1.0
58,2016-01-26-70,1.0
58,2016-01-24-106,1.0
58,2016-01-22-142,1.0
58,2016-01-26-82,1.0
58,2016-01-30-94,1.0
58,2016-01-24-118,1.0
58,2016-01-28-58,1.53800104467
58,2016-01-26-94,1.0
58,2016-01-30-46,1.0
47,2016-01-24-130,1.0
47,2016-01-30-118,1.0
47,2016-01-28-70,2.2123184548
47,2016-01-26-106,1.0
47,2016-01-22-46,1.0
47,2016-01-28-82,1.98612949788
47,2016-01-30-142,1.00468012409
47,2016-01-26-118,1.0
47,2016-01-22-58,2.21975672715
47,2016-01-30-58,4.3229264249
47,2016-01-28-94,1.0
47,2016-01-26-130,1.0
47,2016-01-22-70,1.9855716166
47,2016-01-28-106,1.0
47,2016-01-28-142,1.0
47,2016-01-30-82,1.0
47,2016-01-26-142,1.0
47,2016-01-22-82,1.98485741497
47,2016-01-28-118,1.0
47,2016-01-24-58,1.0
47,2016-01-30-106,1.0
47,2016-01-22-94,1.0
47,2016-01-28-130,1.0
47,2016-01-24-70,2.21975672715
47,2016-01-22-106,1.0
47,2016-01-30-130,1.0
47,2016-01-26-46,1.0
47,2016-01-24-82,2.21975672715
47,2016-01-24-142,1.0
47,2016-01-22-118,1.0
47,2016-01-26-58,1.87585672715
47,2016-01-24-94,1.0
47,2016-01-22-130,1.0
47,2016-01-30-70,2.01784047816
47,2016-01-26-70,2.12091860437
47,2016-01-24-106,1.0
47,2016-01-22-142,1.0
47,2016-01-26-82,1.0
47,2016-01-30-94,1.0
47,2016-01-24-118,1.0
47,2016-01-28-58,1.0
47,2016-01-26-94,1.0
47,2016-01-30-46,1.0
38,2016-01-24-130,1.0
38,2016-01-30-118,1.0
38,2016-01-28-70,1.0
38,2016-01-26-106,1.0
38,2016-01-22-46,1.0
38,2016-01-28-82,1.0
38,2016-01-30-142,1.0
38,2016-01-26-118,1.0
38,2016-01-22-58,1.56718342845
38,2016-01-30-58,1.0
38,2016-01-28-94,1.0
38,2016-01-26-130,1.0
38,2016-01-22-70,1.22328342845
38,2016-01-28-106,1.0
38,2016-01-28-142,1.0
38,2016-01-30-82,1.0
38,2016-01-26-142,1.0
38,2016-01-22-82,1.0
38,2016-01-28-118,1.0
38,2016-01-24-58,1.0
38,2016-01-30-106,1.0
38,2016-01-22-94,1.0
38,2016-01-28-130,1.0
38,2016-01-24-70,1.99714770435
38,2016-01-22-106,1.0
38,2016-01-30-130,1.68020341717
38,2016-01-26-46,1.0
38,2016-01-24-82,1.0
38,2016-01-24-142,1.0
38,2016-01-22-118,1.0
38,2016-01-26-58,2.5343996488
38,2016-01-24-94,1.0
38,2016-01-22-130,1.03771214506
38,2016-01-30-70,1.0
38,2016-01-26-70,1.0
38,2016-01-24-106,1.0
38,2016-01-22-142,1.0
38,2016-01-26-82,1.22328342845
38,2016-01-30-94,1.0
38,2016-01-24-118,1.0
38,2016-01-28-58,1.56718342845
38,2016-01-26-94,1.0
38,2016-01-30-46,1.0
26,2016-01-24-130,1.0
26,2016-01-30-118,1.13265889291
26,2016-01-28-70,2.19004837233
26,2016-01-26-106,1.48175808769
26,2016-01-22-46,1.0
26,2016-01-28-82,3.51958368338
26,2016-01-30-142,1.0
26,2016-01-26-118,3.09358828419
26,2016-01-22-58,61.1713799071
26,2016-01-30-58,4.85022285992
26,2016-01-28-94,1.0140122179
26,2016-01-26-130,12.0343451657
26,2016-01-22-70,2.21622394396
26,2016-01-28-106,1.31284343252
26,2016-01-28-142,1.0
26,2016-01-30-82,15.8949235929
26,2016-01-26-142,1.75027965977
26,2016-01-22-82,7.41191206367
26,2016-01-28-118,6.76293105201
26,2016-01-24-58,2.2111986603
26,2016-01-30-106,2.06635022517
26,2016-01-22-94,2.72110105146
26,2016-01-28-130,3.2479329734
26,2016-01-24-70,18.929366036
26,2016-01-22-106,12.4583784822
26,2016-01-30-130,1.01543055265
26,2016-01-26-46,3.32956892169
26,2016-01-24-82,3.31827782694
26,2016-01-24-142,1.0
26,2016-01-22-118,51.5991931957
26,2016-01-26-58,31.244936123
26,2016-01-24-94,1.61210901969
26,2016-01-22-130,1.00733831626
26,2016-01-30-70,4.56860964421
26,2016-01-26-70,2.19782366553
26,2016-01-24-106,1.0
26,2016-01-22-142,1.0
26,2016-01-26-82,1.98487298349
26,2016-01-30-94,2.62953627362
26,2016-01-24-118,1.0
26,2016-01-28-58,8.12039165482
26,2016-01-26-94,1.39097104886
26,2016-01-30-46,2.30125020163
35,2016-01-24-130,1.0
35,2016-01-30-118,1.0
35,2016-01-28-70,1.0
35,2016-01-26-106,1.51756681162
35,2016-01-22-46,1.0
35,2016-01-28-82,1.94558741562
35,2016-01-30-142,1.0
35,2016-01-26-118,1.85637837677
35,2016-01-22-58,1.0
35,2016-01-30-58,1.0
35,2016-01-28-94,1.0
35,2016-01-26-130,1.0
35,2016-01-22-70,1.0
35,2016-01-28-106,1.0
35,2016-01-28-142,1.0
35,2016-01-30-82,1.0
35,2016-01-26-142,1.0
35,2016-01-22-82,3.19822791344
35,2016-01-28-118,2.82102933275
35,2016-01-24-58,1.0
35,2016-01-30-106,1.0
35,2016-01-22-94,1.0
35,2016-01-28-130,1.96867884519
35,2016-01-24-70,1.0
35,2016-01-22-106,6.51334336681
35,2016-01-30-130,1.0
35,2016-01-26-46,1.0
35,2016-01-24-82,1.0
35,2016-01-24-142,1.0
35,2016-01-22-118,3.13946386231
35,2016-01-26-58,1.0
35,2016-01-24-94,1.0
35,2016-01-22-130,1.0
35,2016-01-30-70,1.0
35,2016-01-26-70,1.0
35,2016-01-24-106,1.0
35,2016-01-22-142,1.0
35,2016-01-26-82,1.0
35,2016-01-30-94,1.54811246465
35,2016-01-24-118,1.0
35,2016-01-28-58,1.0
35,2016-01-26-94,1.0
35,2016-01-30-46,1.0
5,2016-01-24-130,1.0
5,2016-01-30-118,1.0
5,2016-01-28-70,1.0
5,2016-01-26-106,1.0
5,2016-01-22-46,1.0
5,2016-01-28-82,1.0
5,2016-01-30-142,1.0
5,2016-01-26-118,1.0
5,2016-01-22-58,1.74581341717
5,2016-01-30-58,1.0
5,2016-01-28-94,1.0
5,2016-01-26-130,1.0
5,2016-01-22-70,1.0
5,2016-01-28-106,1.1
5,2016-01-28-142,1.0
5,2016-01-30-82,1.97780386771
5,2016-01-26-142,1.0
5,2016-01-22-82,1.0
5,2016-01-28-118,1.0
5,2016-01-24-58,1.0
5,2016-01-30-106,1.0
5,2016-01-22-94,1.0
5,2016-01-28-130,1.0
5,2016-01-24-70,1.0
5,2016-01-22-106,1.0
5,2016-01-30-130,1.0
5,2016-01-26-46,1.0
5,2016-01-24-82,1.0
5,2016-01-24-142,1.0
5,2016-01-22-118,1.0
5,2016-01-26-58,1.0
5,2016-01-24-94,1.0
5,2016-01-22-130,1.0
5,2016-01-30-70,1.0
5,2016-01-26-70,1.0
5,2016-01-24-106,1.0
5,2016-01-22-142,1.0
5,2016-01-26-82,1.0
5,2016-01-30-94,1.0
5,2016-01-24-118,1.0
5,2016-01-28-58,1.93489693993
5,2016-01-26-94,1.0
5,2016-01-30-46,1.0
57,2016-01-24-130,1.0
57,2016-01-30-118,1.0
57,2016-01-28-70,1.0
57,2016-01-26-106,1.0
57,2016-01-22-46,1.0
57,2016-01-28-82,1.0
57,2016-01-30-142,1.0
57,2016-01-26-118,1.0
57,2016-01-22-58,2.28620470784
57,2016-01-30-58,1.0
57,2016-01-28-94,1.0
57,2016-01-26-130,1.0
57,2016-01-22-70,1.0
57,2016-01-28-106,1.0
57,2016-01-28-142,1.67520867442
57,2016-01-30-82,1.0
57,2016-01-26-142,1.0
57,2016-01-22-82,1.0
57,2016-01-28-118,1.0
57,2016-01-24-58,1.0
57,2016-01-30-106,1.0
57,2016-01-22-94,1.0
57,2016-01-28-130,1.0
57,2016-01-24-70,1.0
57,2016-01-22-106,1.0
57,2016-01-30-130,1.0
57,2016-01-26-46,1.0
57,2016-01-24-82,1.0
57,2016-01-24-142,1.0
57,2016-01-22-118,1.0
57,2016-01-26-58,1.0
57,2016-01-24-94,1.0
57,2016-01-22-130,1.0
57,2016-01-30-70,1.0
57,2016-01-26-70,1.0
57,2016-01-24-106,1.0
57,2016-01-22-142,1.0
57,2016-01-26-82,1.0
57,2016-01-30-94,1.0
57,2016-01-24-118,1.0
57,2016-01-28-58,1.0
57,2016-01-26-94,1.0
57,2016-01-30-46,1.0
12,2016-01-24-130,4.87945152511
12,2016-01-30-118,3.07768682572
12,2016-01-28-70,2.13394138442
12,2016-01-26-106,6.24616661841
12,2016-01-22-46,4.24782926621
12,2016-01-28-82,2.91993521614
12,2016-01-30-142,1.81593553909
12,2016-01-26-118,2.61060603978
12,2016-01-22-58,2.14420896621
12,2016-01-30-58,1.58645671711
12,2016-01-28-94,1.95162828942
12,2016-01-26-130,4.70058853699
12,2016-01-22-70,1.81713412677
12,2016-01-28-106,4.16195573275
12,2016-01-28-142,7.79755909091
12,2016-01-30-82,1.9848758393
12,2016-01-26-142,4.11042030497
12,2016-01-22-82,2.1882377084
12,2016-01-28-118,3.19396592534
12,2016-01-24-58,1.90684985601
12,2016-01-30-106,4.07862055398
12,2016-01-22-94,1.9767787716
12,2016-01-28-130,3.6626202639
12,2016-01-24-70,4.30268931624
12,2016-01-22-106,4.76047803086
12,2016-01-30-130,4.05173400432
12,2016-01-26-46,1.99836913126
12,2016-01-24-82,2.38028712854
12,2016-01-24-142,1.90231555649
12,2016-01-22-118,3.34313681622
12,2016-01-26-58,2.79608062095
12,2016-01-24-94,2.73990417859
12,2016-01-22-130,4.87039988606
12,2016-01-30-70,1.96379759001
12,2016-01-26-70,24.2319691521
12,2016-01-24-106,4.12027322307
12,2016-01-22-142,3.24418474072
12,2016-01-26-82,2.47740868791
12,2016-01-30-94,1.73872271242
12,2016-01-24-118,3.05173617056
12,2016-01-28-58,1.48417603988
12,2016-01-26-94,2.83430337602
12,2016-01-30-46,6.42976464326
28,2016-01-24-130,10.9767529434
28,2016-01-30-118,4.1514229268
28,2016-01-28-70,3.2164231871
28,2016-01-26-106,10.5424484538
28,2016-01-22-46,4.70438825969
28,2016-01-28-82,2.94157357939
28,2016-01-30-142,1.44736090439
28,2016-01-26-118,3.79025607231
28,2016-01-22-58,9.17861891778
28,2016-01-30-58,3.45978801124
28,2016-01-28-94,4.30985888102
28,2016-01-26-130,17.0213207053
28,2016-01-22-70,2.63314030388
28,2016-01-28-106,10.0210754251
28,2016-01-28-142,1.73858756917
28,2016-01-30-82,11.9632490138
28,2016-01-26-142,2.46016826503
28,2016-01-22-82,3.51367101232
28,2016-01-28-118,6.14728057014
28,2016-01-24-58,2.43825742846
28,2016-01-30-106,10.7762688986
28,2016-01-22-94,2.71164703059
28,2016-01-28-130,83.3833829526
28,2016-01-24-70,12.1673334195
28,2016-01-22-106,18.1819733457
28,2016-01-30-130,12.4910159115
28,2016-01-26-46,6.31220085443
28,2016-01-24-82,6.2055428908
28,2016-01-24-142,7.19336356504
28,2016-01-22-118,9.62390229411
28,2016-01-26-58,8.34533664352
28,2016-01-24-94,3.06889864478
28,2016-01-22-130,61.1886494503
28,2016-01-30-70,3.92514830067
28,2016-01-26-70,14.9246711911
28,2016-01-24-106,7.31051191517
28,2016-01-22-142,4.84997780512
28,2016-01-26-82,4.31767580797
28,2016-01-30-94,4.12250779857
28,2016-01-24-118,6.1210563941
28,2016-01-28-58,9.51198719088
28,2016-01-26-94,3.03428342136
28,2016-01-30-46,20.4645006493
23,2016-01-24-130,59.672249159
23,2016-01-30-118,9.30840597278
23,2016-01-28-70,74.8870205875
23,2016-01-26-106,83.2163638647
23,2016-01-22-46,58.0582193069
23,2016-01-28-82,37.9437101393
23,2016-01-30-142,8.15472311702
23,2016-01-26-118,16.4448371396
23,2016-01-22-58,73.1787234429
23,2016-01-30-58,36.9716449579
23,2016-01-28-94,34.455969992
23,2016-01-26-130,26.8422308633
23,2016-01-22-70,37.4324660259
23,2016-01-28-106,102.269410504
23,2016-01-28-142,15.6136227224
23,2016-01-30-82,98.6316864917
23,2016-01-26-142,4.63872762691
23,2016-01-22-82,18.8662458265
23,2016-01-28-118,28.8599449477
23,2016-01-24-58,45.6582740545
23,2016-01-30-106,18.992895472
23,2016-01-22-94,18.2505721455
23,2016-01-28-130,28.8982838792
23,2016-01-24-70,49.0005307485
23,2016-01-22-106,103.802084241
23,2016-01-30-130,20.8801799212
23,2016-01-26-46,145.877552254
23,2016-01-24-82,19.4863625252
23,2016-01-24-142,7.16422086294
23,2016-01-22-118,11.0582858011
23,2016-01-26-58,116.408229188
23,2016-01-24-94,10.0388514473
23,2016-01-22-130,47.8185718724
23,2016-01-30-70,75.267831208
23,2016-01-26-70,71.5219266541
23,2016-01-24-106,13.2078512512
23,2016-01-22-142,7.82654959805
23,2016-01-26-82,75.5384450081
23,2016-01-30-94,23.2833362897
23,2016-01-24-118,11.3171889656
23,2016-01-28-58,112.752438833
23,2016-01-26-94,32.9388712836
23,2016-01-30-46,53.6765975154
65,2016-01-24-130,1.0
65,2016-01-30-118,1.0
65,2016-01-28-70,1.0
65,2016-01-26-106,1.0
65,2016-01-22-46,1.0
65,2016-01-28-82,1.0
65,2016-01-30-142,1.0
65,2016-01-26-118,1.0
65,2016-01-22-58,1.0
65,2016-01-30-58,1.0
65,2016-01-28-94,1.0
65,2016-01-26-130,1.0
65,2016-01-22-70,1.0
65,2016-01-28-106,1.0
65,2016-01-28-142,1.0
65,2016-01-30-82,1.0
65,2016-01-26-142,1.0
65,2016-01-22-82,1.0
65,2016-01-28-118,1.0
65,2016-01-24-58,1.0
65,2016-01-30-106,1.0
65,2016-01-22-94,1.0
65,2016-01-28-130,1.0
65,2016-01-24-70,1.0
65,2016-01-22-106,1.0
65,2016-01-30-130,1.0
65,2016-01-26-46,1.0
65,2016-01-24-82,1.0
65,2016-01-24-142,1.0
65,2016-01-22-118,1.0
65,2016-01-26-58,1.0
65,2016-01-24-94,1.0
65,2016-01-22-130,1.0
65,2016-01-30-70,1.0
65,2016-01-26-70,1.0
65,2016-01-24-106,1.0
65,2016-01-22-142,1.0
65,2016-01-26-82,1.0
65,2016-01-30-94,1.0
65,2016-01-24-118,1.0
65,2016-01-28-58,1.0
65,2016-01-26-94,1.0
65,2016-01-30-46,1.0
66,2016-01-24-130,1.0
66,2016-01-30-118,1.0
66,2016-01-28-70,1.0
66,2016-01-26-106,1.0
66,2016-01-22-46,1.0
66,2016-01-28-82,1.0
66,2016-01-30-142,1.0
66,2016-01-26-118,1.0
66,2016-01-22-58,1.0
66,2016-01-30-58,1.0
66,2016-01-28-94,1.0
66,2016-01-26-130,1.0
66,2016-01-22-70,1.0
66,2016-01-28-106,1.0
66,2016-01-28-142,1.0
66,2016-01-30-82,1.0
66,2016-01-26-142,1.0
66,2016-01-22-82,1.0
66,2016-01-28-118,1.0
66,2016-01-24-58,1.0
66,2016-01-30-106,1.0
66,2016-01-22-94,1.0
66,2016-01-28-130,1.0
66,2016-01-24-70,1.0
66,2016-01-22-106,1.0
66,2016-01-30-130,1.0
66,2016-01-26-46,1.0
66,2016-01-24-82,1.0
66,2016-01-24-142,1.0
66,2016-01-22-118,1.0
66,2016-01-26-58,1.0
66,2016-01-24-94,1.0
66,2016-01-22-130,1.0
66,2016-01-30-70,1.0
66,2016-01-26-70,1.0
66,2016-01-24-106,1.99997048733
66,2016-01-22-142,1.0
66,2016-01-26-82,1.0
66,2016-01-30-94,1.0
66,2016-01-24-118,1.0
66,2016-01-28-58,1.0
66,2016-01-26-94,1.0
66,2016-01-30-46,1.0
14,2016-01-24-130,1.3439
14,2016-01-30-118,1.83876837664
14,2016-01-28-70,6.48996180247
14,2016-01-26-106,15.5040352126
14,2016-01-22-46,32.9708914788
14,2016-01-28-82,2.00234973418
14,2016-01-30-142,1.0
14,2016-01-26-118,1.94643359536
14,2016-01-22-58,2.61762523291
14,2016-01-30-58,4.14385025062
14,2016-01-28-94,2.49636630586
14,2016-01-26-130,2.43456252378
14,2016-01-22-70,2.20732586516
14,2016-01-28-106,9.23442589286
14,2016-01-28-142,1.0
14,2016-01-30-82,47.1158767523
14,2016-01-26-142,1.0
14,2016-01-22-82,1.83219748945
14,2016-01-28-118,2.85151978109
14,2016-01-24-58,6.39939229898
14,2016-01-30-106,8.3253967705
14,2016-01-22-94,2.3819662345
14,2016-01-28-130,7.91853596779
14,2016-01-24-70,16.4084610465
14,2016-01-22-106,32.7921279569
14,2016-01-30-130,2.67208719667
14,2016-01-26-46,29.8592414029
14,2016-01-24-82,2.31590302104
14,2016-01-24-142,1.0
14,2016-01-22-118,2.35105569209
14,2016-01-26-58,22.7612572245
14,2016-01-24-94,2.0970469355
14,2016-01-22-130,3.87118851002
14,2016-01-30-70,11.094183108
14,2016-01-26-70,14.2358476583
14,2016-01-24-106,2.15700880765
14,2016-01-22-142,2.2784159481
14,2016-01-26-82,43.2134241891
14,2016-01-30-94,4.86270583663
14,2016-01-24-118,2.26866474633
14,2016-01-28-58,23.3737048283
14,2016-01-26-94,2.20590672918
14,2016-01-30-46,19.441712054
22,2016-01-24-130,12.8098906107
22,2016-01-30-118,11.3410504526
22,2016-01-28-70,7.31615304168
22,2016-01-26-106,11.5506641288
22,2016-01-22-46,3.45120630996
22,2016-01-28-82,4.58549697297
22,2016-01-30-142,11.1147289418
22,2016-01-26-118,11.5364347546
22,2016-01-22-58,6.62629292308
22,2016-01-30-58,7.54007856396
22,2016-01-28-94,11.326831422
22,2016-01-26-130,12.6469082171
22,2016-01-22-70,9.99856973891
22,2016-01-28-106,13.7315446972
22,2016-01-28-142,9.0591598105
22,2016-01-30-82,9.93595735989
22,2016-01-26-142,1.0
22,2016-01-22-82,10.0802786996
22,2016-01-28-118,10.586867417
22,2016-01-24-58,7.42527011233
22,2016-01-30-106,12.0681520111
22,2016-01-22-94,10.4131787179
22,2016-01-28-130,11.8670538288
22,2016-01-24-70,9.58396245557
22,2016-01-22-106,11.0000471389
22,2016-01-30-130,12.4311040395
22,2016-01-26-46,1.56718342845
22,2016-01-24-82,4.63668519973
22,2016-01-24-142,7.30559224647
22,2016-01-22-118,13.4860517793
22,2016-01-26-58,8.87250824004
22,2016-01-24-94,9.90945342841
22,2016-01-22-130,9.84740456381
22,2016-01-30-70,12.083811071
22,2016-01-26-70,9.85337081961
22,2016-01-24-106,12.1038461209
22,2016-01-22-142,11.0694185989
22,2016-01-26-82,3.49755212346
22,2016-01-30-94,17.5211317141
22,2016-01-24-118,13.7148627349
22,2016-01-28-58,4.01463996865
22,2016-01-26-94,11.0050217451
22,2016-01-30-46,1.0
51,2016-01-24-130,279.229680334
51,2016-01-30-118,20.986086707
51,2016-01-28-70,93.5358496057
51,2016-01-26-106,395.423631706
51,2016-01-22-46,17.7944082777
51,2016-01-28-82,31.7004612689
51,2016-01-30-142,144.608165247
51,2016-01-26-118,35.6546279325
51,2016-01-22-58,10.7388642299
51,2016-01-30-58,7.55480044911
51,2016-01-28-94,104.91440394
51,2016-01-26-130,358.942907042
51,2016-01-22-70,13.8986390629
51,2016-01-28-106,391.428927046
51,2016-01-28-142,143.679543413
51,2016-01-30-82,41.5398071772
51,2016-01-26-142,24.8669201246
51,2016-01-22-82,14.8973257262
51,2016-01-28-118,89.0323834944
51,2016-01-24-58,6.34112179482
51,2016-01-30-106,56.5747362859
51,2016-01-22-94,27.4313144871
51,2016-01-28-130,316.245552533
51,2016-01-24-70,10.9766724389
51,2016-01-22-106,335.268095622
51,2016-01-30-130,397.624227935
51,2016-01-26-46,18.8843653293
51,2016-01-24-82,16.35343577
51,2016-01-24-142,16.5019851119
51,2016-01-22-118,38.5045361694
51,2016-01-26-58,13.3151339471
51,2016-01-24-94,16.6532177103
51,2016-01-22-130,355.416052678
51,2016-01-30-70,13.2071825172
51,2016-01-26-70,83.5209570282
51,2016-01-24-106,28.8683130638
51,2016-01-22-142,179.582094419
51,2016-01-26-82,98.6785568685
51,2016-01-30-94,31.3586940739
51,2016-01-24-118,27.5129364427
51,2016-01-28-58,30.597718479
51,2016-01-26-94,53.392956364
51,2016-01-30-46,30.7101208383
16,2016-01-24-130,1.0
16,2016-01-30-118,1.0
16,2016-01-28-70,1.0
16,2016-01-26-106,1.0
16,2016-01-22-46,1.0
16,2016-01-28-82,3.38638629494
16,2016-01-30-142,1.0
16,2016-01-26-118,1.0
16,2016-01-22-58,2.57539295313
16,2016-01-30-58,1.0
16,2016-01-28-94,1.0
16,2016-01-26-130,1.0
16,2016-01-22-70,1.0
16,2016-01-28-106,1.0
16,2016-01-28-142,1.0
16,2016-01-30-82,2.02864865908
16,2016-01-26-142,1.0
16,2016-01-22-82,1.79775603716
16,2016-01-28-118,1.0
16,2016-01-24-58,1.0
16,2016-01-30-106,1.0
16,2016-01-22-94,1.0
16,2016-01-28-130,1.0
16,2016-01-24-70,1.0
16,2016-01-22-106,1.0
16,2016-01-30-130,1.0
16,2016-01-26-46,1.0
16,2016-01-24-82,1.0
16,2016-01-24-142,1.0
16,2016-01-22-118,1.0
16,2016-01-26-58,3.17780992277
16,2016-01-24-94,1.0
16,2016-01-22-130,1.0
16,2016-01-30-70,1.0
16,2016-01-26-70,1.0
16,2016-01-24-106,1.0
16,2016-01-22-142,1.0
16,2016-01-26-82,1.0
16,2016-01-30-94,1.0
16,2016-01-24-118,1.0
16,2016-01-28-58,2.58976796788
16,2016-01-26-94,1.0
16,2016-01-30-46,1.22328342845
31,2016-01-24-130,1.0
31,2016-01-30-118,1.0
31,2016-01-28-70,1.0
31,2016-01-26-106,1.0
31,2016-01-22-46,1.0
31,2016-01-28-82,1.94741129663
31,2016-01-30-142,1.0
31,2016-01-26-118,1.0
31,2016-01-22-58,2.05764507902
31,2016-01-30-58,1.0
31,2016-01-28-94,1.0
31,2016-01-26-130,1.0
31,2016-01-22-70,1.93615111478
31,2016-01-28-106,1.0
31,2016-01-28-142,1.0
31,2016-01-30-82,1.0
31,2016-01-26-142,1.0
31,2016-01-22-82,1.0
31,2016-01-28-118,1.0
31,2016-01-24-58,2.31488257911
31,2016-01-30-106,1.6032756329
31,2016-01-22-94,1.0
31,2016-01-28-130,1.0
31,2016-01-24-70,1.0
31,2016-01-22-106,1.0
31,2016-01-30-130,1.0
31,2016-01-26-46,1.96866272438
31,2016-01-24-82,1.56718342845
31,2016-01-24-142,1.65213007913
31,2016-01-22-118,1.0
31,2016-01-26-58,3.01489231292
31,2016-01-24-94,1.0
31,2016-01-22-130,1.0
31,2016-01-30-70,1.0
31,2016-01-26-70,1.92230084656
31,2016-01-24-106,1.0
31,2016-01-22-142,1.0
31,2016-01-26-82,1.0
31,2016-01-30-94,1.0
31,2016-01-24-118,1.24454557621
31,2016-01-28-58,1.97188737034
31,2016-01-26-94,1.0
31,2016-01-30-46,1.0
7,2016-01-24-130,4.87488996824
7,2016-01-30-118,2.69127662257
7,2016-01-28-70,12.3226103538
7,2016-01-26-106,93.9930024041
7,2016-01-22-46,16.0637525894
7,2016-01-28-82,17.0562813881
7,2016-01-30-142,2.38302506027
7,2016-01-26-118,21.0204572346
7,2016-01-22-58,6.08500980513
7,2016-01-30-58,2.57328016025
7,2016-01-28-94,15.5901348114
7,2016-01-26-130,38.2132735356
7,2016-01-22-70,3.54862583486
7,2016-01-28-106,66.6075396137
7,2016-01-28-142,3.97364726519
7,2016-01-30-82,54.418081979
7,2016-01-26-142,2.09708536178
7,2016-01-22-82,30.2861285388
7,2016-01-28-118,23.0868468037
7,2016-01-24-58,11.9024861552
7,2016-01-30-106,17.1694268595
7,2016-01-22-94,22.4378125887
7,2016-01-28-130,85.1087825128
7,2016-01-24-70,11.0218578669
7,2016-01-22-106,297.471077243
7,2016-01-30-130,19.2150118008
7,2016-01-26-46,57.8706922736
7,2016-01-24-82,13.4096173226
7,2016-01-24-142,1.94199646354
7,2016-01-22-118,18.4056187067
7,2016-01-26-58,19.5328770935
7,2016-01-24-94,4.69528855102
7,2016-01-22-130,80.9512802981
7,2016-01-30-70,28.3569310755
7,2016-01-26-70,11.3789297123
7,2016-01-24-106,6.6450442513
7,2016-01-22-142,2.917484675
7,2016-01-26-82,66.0291194927
7,2016-01-30-94,18.3500851949
7,2016-01-24-118,4.25827451669
7,2016-01-28-58,21.5754465624
7,2016-01-26-94,13.186102203
7,2016-01-30-46,9.61515920172
27,2016-01-24-130,2.91668652833
27,2016-01-30-118,3.73302671819
27,2016-01-28-70,7.93338504809
27,2016-01-26-106,4.85621950736
27,2016-01-22-46,4.83338073368
27,2016-01-28-82,6.94105205493
27,2016-01-30-142,2.10466554771
27,2016-01-26-118,3.10577959657
27,2016-01-22-58,8.20471802492
27,2016-01-30-58,8.42244458463
27,2016-01-28-94,4.09847747593
27,2016-01-26-130,3.94885311118
27,2016-01-22-70,8.19362130209
27,2016-01-28-106,8.1396542322
27,2016-01-28-142,3.59712447395
27,2016-01-30-82,7.60206874108
27,2016-01-26-142,2.01079556264
27,2016-01-22-82,9.49973365038
27,2016-01-28-118,4.36361500295
27,2016-01-24-58,10.6389247204
27,2016-01-30-106,7.47929644902
27,2016-01-22-94,8.85873826274
27,2016-01-28-130,2.38147671397
27,2016-01-24-70,13.1245694482
27,2016-01-22-106,9.72571748479
27,2016-01-30-130,4.96559409477
27,2016-01-26-46,12.8501943074
27,2016-01-24-82,13.3930125792
27,2016-01-24-142,4.93199381748
27,2016-01-22-118,3.4415942067
27,2016-01-26-58,8.63888609935
27,2016-01-24-94,8.13842754944
27,2016-01-22-130,2.1676218399
27,2016-01-30-70,4.90799798322
27,2016-01-26-70,9.91763285402
27,2016-01-24-106,4.4277752201
27,2016-01-22-142,3.33600233121
27,2016-01-26-82,6.76933685867
27,2016-01-30-94,6.2271072423
27,2016-01-24-118,3.09059736511
27,2016-01-28-58,6.84140791908
27,2016-01-26-94,6.29498594807
27,2016-01-30-46,4.37397385343
3,2016-01-24-130,1.0
3,2016-01-30-118,1.0
3,2016-01-28-70,1.0
3,2016-01-26-106,1.0
3,2016-01-22-46,1.0
3,2016-01-28-82,1.0
3,2016-01-30-142,1.0
3,2016-01-26-118,1.0
3,2016-01-22-58,1.0
3,2016-01-30-58,1.0
3,2016-01-28-94,1.0
3,2016-01-26-130,1.0
3,2016-01-22-70,1.0
3,2016-01-28-106,1.0
3,2016-01-28-142,1.0
3,2016-01-30-82,1.0
3,2016-01-26-142,1.0
3,2016-01-22-82,1.0
3,2016-01-28-118,1.0
3,2016-01-24-58,1.0
3,2016-01-30-106,1.0
3,2016-01-22-94,1.0
3,2016-01-28-130,1.0
3,2016-01-24-70,1.0
3,2016-01-22-106,1.49800283535
3,2016-01-30-130,1.54757890065
3,2016-01-26-46,1.0
3,2016-01-24-82,1.0
3,2016-01-24-142,1.0
3,2016-01-22-118,1.0
3,2016-01-26-58,1.0
3,2016-01-24-94,1.0
3,2016-01-22-130,1.0
3,2016-01-30-70,1.0
3,2016-01-26-70,1.0
3,2016-01-24-106,1.0
3,2016-01-22-142,1.0
3,2016-01-26-82,1.0
3,2016-01-30-94,1.0
3,2016-01-24-118,1.0
3,2016-01-28-58,1.0
3,2016-01-26-94,1.0
3,2016-01-30-46,1.0
62,2016-01-24-130,1.0
62,2016-01-30-118,1.0
62,2016-01-28-70,1.0
62,2016-01-26-106,1.0
62,2016-01-22-46,1.0
62,2016-01-28-82,1.0
62,2016-01-30-142,1.0
62,2016-01-26-118,1.0
62,2016-01-22-58,1.0
62,2016-01-30-58,1.0
62,2016-01-28-94,1.0
62,2016-01-26-130,1.0
62,2016-01-22-70,1.0
62,2016-01-28-106,1.0
62,2016-01-28-142,1.0
62,2016-01-30-82,1.0
62,2016-01-26-142,1.0
62,2016-01-22-82,1.0
62,2016-01-28-118,1.0
62,2016-01-24-58,1.0
62,2016-01-30-106,1.0
62,2016-01-22-94,1.0
62,2016-01-28-130,1.0
62,2016-01-24-70,1.0
62,2016-01-22-106,1.0
62,2016-01-30-130,1.0
62,2016-01-26-46,1.0
62,2016-01-24-82,1.0
62,2016-01-24-142,1.0
62,2016-01-22-118,1.0
62,2016-01-26-58,1.0
62,2016-01-24-94,1.0
62,2016-01-22-130,1.0
62,2016-01-30-70,1.0
62,2016-01-26-70,1.0
62,2016-01-24-106,1.36707030794
62,2016-01-22-142,1.0
62,2016-01-26-82,1.0
62,2016-01-30-94,1.0
62,2016-01-24-118,1.0
62,2016-01-28-58,1.0
62,2016-01-26-94,1.0
62,2016-01-30-46,1.0
54,2016-01-24-130,1.0
54,2016-01-30-118,1.0
54,2016-01-28-70,1.0
54,2016-01-26-106,1.97354222299
54,2016-01-22-46,1.0
54,2016-01-28-82,1.0
54,2016-01-30-142,1.0
54,2016-01-26-118,1.0
54,2016-01-22-58,1.0
54,2016-01-30-58,1.0
54,2016-01-28-94,1.0
54,2016-01-26-130,1.0
54,2016-01-22-70,1.0
54,2016-01-28-106,1.0
54,2016-01-28-142,1.0
54,2016-01-30-82,1.0
54,2016-01-26-142,1.0
54,2016-01-22-82,1.0
54,2016-01-28-118,1.1734818924
54,2016-01-24-58,1.0
54,2016-01-30-106,1.0
54,2016-01-22-94,1.0
54,2016-01-28-130,1.0
54,2016-01-24-70,1.0
54,2016-01-22-106,1.0
54,2016-01-30-130,1.0
54,2016-01-26-46,1.0
54,2016-01-24-82,1.0
54,2016-01-24-142,1.0
54,2016-01-22-118,1.0
54,2016-01-26-58,1.0
54,2016-01-24-94,1.0
54,2016-01-22-130,1.0
54,2016-01-30-70,1.0
54,2016-01-26-70,1.0
54,2016-01-24-106,1.0
54,2016-01-22-142,1.0
54,2016-01-26-82,1.0
54,2016-01-30-94,1.06450691617
54,2016-01-24-118,1.0
54,2016-01-28-58,1.37298050992
54,2016-01-26-94,1.0
54,2016-01-30-46,1.0
40,2016-01-24-130,1.0413321944
40,2016-01-30-118,1.0
40,2016-01-28-70,1.0
40,2016-01-26-106,1.0
40,2016-01-22-46,1.0
40,2016-01-28-82,1.97000351431
40,2016-01-30-142,1.0
40,2016-01-26-118,1.0
40,2016-01-22-58,1.0
40,2016-01-30-58,1.0
40,2016-01-28-94,1.0
40,2016-01-26-130,1.0
40,2016-01-22-70,1.0
40,2016-01-28-106,1.0
40,2016-01-28-142,1.0
40,2016-01-30-82,1.0
40,2016-01-26-142,1.0
40,2016-01-22-82,1.0
40,2016-01-28-118,1.0
40,2016-01-24-58,1.0
40,2016-01-30-106,1.0
40,2016-01-22-94,1.0
40,2016-01-28-130,1.0
40,2016-01-24-70,1.0
40,2016-01-22-106,1.0
40,2016-01-30-130,1.0
40,2016-01-26-46,1.0
40,2016-01-24-82,1.0
40,2016-01-24-142,1.0
40,2016-01-22-118,1.0
40,2016-01-26-58,1.0
40,2016-01-24-94,1.0
40,2016-01-22-130,1.0
40,2016-01-30-70,2.00043111235
40,2016-01-26-70,1.0
40,2016-01-24-106,1.0
40,2016-01-22-142,1.0
40,2016-01-26-82,1.9440492803
40,2016-01-30-94,1.0
40,2016-01-24-118,1.0
40,2016-01-28-58,1.97210090508
40,2016-01-26-94,1.0
40,2016-01-30-46,1.0
46,2016-01-24-130,2.22117286242
46,2016-01-30-118,1.97669946079
46,2016-01-28-70,3.80177916198
46,2016-01-26-106,3.17700041188
46,2016-01-22-46,20.8492209059
46,2016-01-28-82,2.74322724957
46,2016-01-30-142,1.18774664673
46,2016-01-26-118,3.28972502529
46,2016-01-22-58,102.764146302
46,2016-01-30-58,90.720843189
46,2016-01-28-94,1.93712465535
46,2016-01-26-130,4.08319835533
46,2016-01-22-70,23.6028414594
46,2016-01-28-106,4.36545640836
46,2016-01-28-142,1.86780910773
46,2016-01-30-82,70.570753801
46,2016-01-26-142,1.42490539111
46,2016-01-22-82,2.33121914883
46,2016-01-28-118,2.36474417289
46,2016-01-24-58,50.0269297327
46,2016-01-30-106,2.14920114261
46,2016-01-22-94,2.12060573016
46,2016-01-28-130,3.33936527386
46,2016-01-24-70,86.6902185074
46,2016-01-22-106,7.05760446191
46,2016-01-30-130,2.17383731551
46,2016-01-26-46,60.9894811227
46,2016-01-24-82,25.0049908183
46,2016-01-24-142,1.0
46,2016-01-22-118,4.34703164992
46,2016-01-26-58,104.343923456
46,2016-01-24-94,2.51952943712
46,2016-01-22-130,6.27253411512
46,2016-01-30-70,87.7506675035
46,2016-01-26-70,29.1206300563
46,2016-01-24-106,2.96755992964
46,2016-01-22-142,1.38297797624
46,2016-01-26-82,23.910244447
46,2016-01-30-94,2.03118784176
46,2016-01-24-118,2.31681964343
46,2016-01-28-58,100.944183769
46,2016-01-26-94,1.67872268846
46,2016-01-30-46,16.2522595517
20,2016-01-24-130,2.08178637546
20,2016-01-30-118,2.00473021762
20,2016-01-28-70,1.24565153821
20,2016-01-26-106,3.60102233715
20,2016-01-22-46,1.85448417484
20,2016-01-28-82,2.01209482447
20,2016-01-30-142,1.0
20,2016-01-26-118,2.86226934635
20,2016-01-22-58,2.36279350796
20,2016-01-30-58,2.22992336867
20,2016-01-28-94,1.20535936089
20,2016-01-26-130,6.19652999598
20,2016-01-22-70,1.63799084897
20,2016-01-28-106,2.80887226404
20,2016-01-28-142,2.1703393142
20,2016-01-30-82,20.7199538134
20,2016-01-26-142,1.0
20,2016-01-22-82,2.04854916931
20,2016-01-28-118,4.04524923115
20,2016-01-24-58,1.36748673292
20,2016-01-30-106,3.37894637448
20,2016-01-22-94,1.15522149512
20,2016-01-28-130,17.4008628243
20,2016-01-24-70,11.0935170279
20,2016-01-22-106,6.41385626584
20,2016-01-30-130,2.00771075191
20,2016-01-26-46,2.16608908862
20,2016-01-24-82,2.27631846144
20,2016-01-24-142,1.0
20,2016-01-22-118,6.08209067652
20,2016-01-26-58,2.80554508202
20,2016-01-24-94,2.59456452769
20,2016-01-22-130,3.26700498162
20,2016-01-30-70,23.3247790677
20,2016-01-26-70,6.05329440678
20,2016-01-24-106,2.33780131409
20,2016-01-22-142,1.34230728439
20,2016-01-26-82,2.03732558558
20,2016-01-30-94,2.76460162919
20,2016-01-24-118,1.77909982288
20,2016-01-28-58,2.55394512923
20,2016-01-26-94,2.00254923246
20,2016-01-30-46,1.64280004722
8,2016-01-24-130,29.3036475209
8,2016-01-30-118,10.7467677223
8,2016-01-28-70,54.0301227556
8,2016-01-26-106,53.579648468
8,2016-01-22-46,204.713158454
8,2016-01-28-82,72.7896857765
8,2016-01-30-142,4.82394540397
8,2016-01-26-118,14.7770884968
8,2016-01-22-58,91.4463719052
8,2016-01-30-58,33.7887883843
8,2016-01-28-94,34.2395305054
8,2016-01-26-130,54.4365712647
8,2016-01-22-70,31.5068953033
8,2016-01-28-106,54.046208214
8,2016-01-28-142,3.32167956315
8,2016-01-30-82,153.185437138
8,2016-01-26-142,3.35440998639
8,2016-01-22-82,73.0262120759
8,2016-01-28-118,38.0623948806
8,2016-01-24-58,47.9806055266
8,2016-01-30-106,19.2797483054
8,2016-01-22-94,22.608264661
8,2016-01-28-130,109.072864272
8,2016-01-24-70,54.6959458546
8,2016-01-22-106,188.640231793
8,2016-01-30-130,25.4637604932
8,2016-01-26-46,320.157923076
8,2016-01-24-82,31.4932670916
8,2016-01-24-142,2.39391981462
8,2016-01-22-118,19.9729681564
8,2016-01-26-58,169.556939778
8,2016-01-24-94,11.7919451704
8,2016-01-22-130,78.0591631199
8,2016-01-30-70,94.6908142695
8,2016-01-26-70,77.1335811448
8,2016-01-24-106,9.80606819852
8,2016-01-22-142,4.79099724004
8,2016-01-26-82,74.8833666283
8,2016-01-30-94,26.1591403016
8,2016-01-24-118,9.22357210452
8,2016-01-28-58,166.251529859
8,2016-01-26-94,30.9312007223
8,2016-01-30-46,36.9367613038
11,2016-01-24-130,1.0
11,2016-01-30-118,1.0
11,2016-01-28-70,1.0
11,2016-01-26-106,1.0
11,2016-01-22-46,1.39591335253
11,2016-01-28-82,1.0
11,2016-01-30-142,1.0
11,2016-01-26-118,1.0
11,2016-01-22-58,1.2827687899
11,2016-01-30-58,1.0
11,2016-01-28-94,1.0
11,2016-01-26-130,1.0
11,2016-01-22-70,1.0
11,2016-01-28-106,1.29375110866
11,2016-01-28-142,1.0
11,2016-01-30-82,1.0
11,2016-01-26-142,1.0
11,2016-01-22-82,1.0
11,2016-01-28-118,1.0
11,2016-01-24-58,1.0
11,2016-01-30-106,1.04419623674
11,2016-01-22-94,1.0
11,2016-01-28-130,1.0
11,2016-01-24-70,1.0
11,2016-01-22-106,1.25760049686
11,2016-01-30-130,1.0
11,2016-01-26-46,1.0
11,2016-01-24-82,1.17909252512
11,2016-01-24-142,1.0
11,2016-01-22-118,1.0
11,2016-01-26-58,1.0
11,2016-01-24-94,1.0
11,2016-01-22-130,1.0
11,2016-01-30-70,1.0
11,2016-01-26-70,1.85888261926
11,2016-01-24-106,1.25306376866
11,2016-01-22-142,1.0
11,2016-01-26-82,1.0
11,2016-01-30-94,1.0
11,2016-01-24-118,1.0
11,2016-01-28-58,1.0
11,2016-01-26-94,1.0
11,2016-01-30-46,1.82544898823
2,2016-01-24-130,1.0
2,2016-01-30-118,1.0
2,2016-01-28-70,1.0
2,2016-01-26-106,1.37287972741
2,2016-01-22-46,1.0
2,2016-01-28-82,1.0
2,2016-01-30-142,1.0
2,2016-01-26-118,1.31740960537
2,2016-01-22-58,1.0
2,2016-01-30-58,1.0
2,2016-01-28-94,1.0
2,2016-01-26-130,1.0
2,2016-01-22-70,1.0
2,2016-01-28-106,1.24223818349
2,2016-01-28-142,1.0
2,2016-01-30-82,1.0
2,2016-01-26-142,1.0
2,2016-01-22-82,1.0
2,2016-01-28-118,1.0
2,2016-01-24-58,1.0
2,2016-01-30-106,2.01271782764
2,2016-01-22-94,1.0
2,2016-01-28-130,1.0
2,2016-01-24-70,1.0
2,2016-01-22-106,1.40951
2,2016-01-30-130,1.0
2,2016-01-26-46,1.0
2,2016-01-24-82,1.0
2,2016-01-24-142,1.0
2,2016-01-22-118,1.0
2,2016-01-26-58,1.0
2,2016-01-24-94,1.0
2,2016-01-22-130,1.0
2,2016-01-30-70,1.0
2,2016-01-26-70,1.0
2,2016-01-24-106,1.6878
2,2016-01-22-142,1.0
2,2016-01-26-82,1.0
2,2016-01-30-94,1.0
2,2016-01-24-118,1.0
2,2016-01-28-58,1.0
2,2016-01-26-94,1.0
2,2016-01-30-46,1.0
32,2016-01-24-130,1.0
32,2016-01-30-118,1.0
32,2016-01-28-70,1.0
32,2016-01-26-106,1.0
32,2016-01-22-46,1.0
32,2016-01-28-82,1.0
32,2016-01-30-142,1.0
32,2016-01-26-118,1.0
32,2016-01-22-58,1.0
32,2016-01-30-58,1.0
32,2016-01-28-94,1.0
32,2016-01-26-130,1.0
32,2016-01-22-70,1.0
32,2016-01-28-106,1.0
32,2016-01-28-142,1.0
32,2016-01-30-82,1.0
32,2016-01-26-142,1.0
32,2016-01-22-82,1.0
32,2016-01-28-118,1.0
32,2016-01-24-58,1.0
32,2016-01-30-106,1.0
32,2016-01-22-94,1.0
32,2016-01-28-130,1.0
32,2016-01-24-70,1.0
32,2016-01-22-106,1.0
32,2016-01-30-130,1.0
32,2016-01-26-46,1.87108892761
32,2016-01-24-82,1.0
32,2016-01-24-142,1.0
32,2016-01-22-118,1.0
32,2016-01-26-58,1.0
32,2016-01-24-94,1.0
32,2016-01-22-130,1.0
32,2016-01-30-70,1.0
32,2016-01-26-70,1.0
32,2016-01-24-106,1.0
32,2016-01-22-142,1.0
32,2016-01-26-82,1.0
32,2016-01-30-94,1.0
32,2016-01-24-118,1.0
32,2016-01-28-58,1.0
32,2016-01-26-94,1.0
32,2016-01-30-46,1.0
4,2016-01-24-130,4.91085401444
4,2016-01-30-118,1.96270978101
4,2016-01-28-70,1.19
4,2016-01-26-106,1.00456337819
4,2016-01-22-46,2.11938961514
4,2016-01-28-82,3.27617418844
4,2016-01-30-142,1.0
4,2016-01-26-118,1.0
4,2016-01-22-58,58.8463050298
4,2016-01-30-58,1.91941913822
4,2016-01-28-94,1.22028511073
4,2016-01-26-130,3.56199460315
4,2016-01-22-70,2.93004618587
4,2016-01-28-106,2.2653001906
4,2016-01-28-142,1.1
4,2016-01-30-82,2.64472486759
4,2016-01-26-142,1.0
4,2016-01-22-82,7.21667237121
4,2016-01-28-118,2.97857347742
4,2016-01-24-58,1.0
4,2016-01-30-106,2.22547944572
4,2016-01-22-94,2.0839397906
4,2016-01-28-130,8.59678640355
4,2016-01-24-70,2.2219911551
4,2016-01-22-106,3.83147928528
4,2016-01-30-130,1.98817022541
4,2016-01-26-46,3.07547761585
4,2016-01-24-82,2.48637141308
4,2016-01-24-142,1.0
4,2016-01-22-118,6.86549774799
4,2016-01-26-58,61.911416323
4,2016-01-24-94,1.04194023481
4,2016-01-22-130,1.87975398732
4,2016-01-30-70,3.0847972454
4,2016-01-26-70,4.08781240947
4,2016-01-24-106,2.005842626
4,2016-01-22-142,1.0
4,2016-01-26-82,3.8725104793
4,2016-01-30-94,7.11538738905
4,2016-01-24-118,2.73626663059
4,2016-01-28-58,62.1324242464
4,2016-01-26-94,1.62306189535
4,2016-01-30-46,2.69373922625
10,2016-01-24-130,1.0
10,2016-01-30-118,1.0
10,2016-01-28-70,1.0
10,2016-01-26-106,1.0
10,2016-01-22-46,1.0
10,2016-01-28-82,1.0
10,2016-01-30-142,1.0
10,2016-01-26-118,1.0
10,2016-01-22-58,2.3697210012
10,2016-01-30-58,1.0
10,2016-01-28-94,1.0
10,2016-01-26-130,1.0
10,2016-01-22-70,1.0
10,2016-01-28-106,1.0
10,2016-01-28-142,1.0
10,2016-01-30-82,1.0
10,2016-01-26-142,1.0
10,2016-01-22-82,1.0
10,2016-01-28-118,1.0
10,2016-01-24-58,1.0
10,2016-01-30-106,1.0
10,2016-01-22-94,1.0
10,2016-01-28-130,1.0
10,2016-01-24-70,1.0
10,2016-01-22-106,1.0
10,2016-01-30-130,1.0
10,2016-01-26-46,1.0
10,2016-01-24-82,1.0
10,2016-01-24-142,1.0
10,2016-01-22-118,1.0
10,2016-01-26-58,1.0
10,2016-01-24-94,1.0
10,2016-01-22-130,1.0
10,2016-01-30-70,1.83107470283
10,2016-01-26-70,1.0
10,2016-01-24-106,1.0
10,2016-01-22-142,1.0
10,2016-01-26-82,1.0
10,2016-01-30-94,1.0
10,2016-01-24-118,1.0
10,2016-01-28-58,1.0
10,2016-01-26-94,1.0
10,2016-01-30-46,1.22328342845
29,2016-01-24-130,1.0
29,2016-01-30-118,1.0
29,2016-01-28-70,2.50731189029
29,2016-01-26-106,4.30424949191
29,2016-01-22-46,2.50159385841
29,2016-01-28-82,2.4909488415
29,2016-01-30-142,1.1
29,2016-01-26-118,1.0
29,2016-01-22-58,1.66441700429
29,2016-01-30-58,1.0
29,2016-01-28-94,1.0
29,2016-01-26-130,1.0
29,2016-01-22-70,3.87592938415
29,2016-01-28-106,1.0
29,2016-01-28-142,1.0
29,2016-01-30-82,3.29138355743
29,2016-01-26-142,1.1
29,2016-01-22-82,1.91893865058
29,2016-01-28-118,1.1
29,2016-01-24-58,6.41813468465
29,2016-01-30-106,1.0
29,2016-01-22-94,1.0
29,2016-01-28-130,1.0
29,2016-01-24-70,4.83724019002
29,2016-01-22-106,2.94223326198
29,2016-01-30-130,1.68020341717
29,2016-01-26-46,1.27131698871
29,2016-01-24-82,1.78280619917
29,2016-01-24-142,1.0
29,2016-01-22-118,1.0
29,2016-01-26-58,2.07588960509
29,2016-01-24-94,1.0
29,2016-01-22-130,1.0
29,2016-01-30-70,4.6940185894
29,2016-01-26-70,3.87613217262
29,2016-01-24-106,1.30806046352
29,2016-01-22-142,1.0
29,2016-01-26-82,3.20263504067
29,2016-01-30-94,1.0
29,2016-01-24-118,1.1
29,2016-01-28-58,1.35176477017
29,2016-01-26-94,1.0
29,2016-01-30-46,2.10325379502
52,2016-01-24-130,1.0
52,2016-01-30-118,1.0
52,2016-01-28-70,1.0
52,2016-01-26-106,1.0
52,2016-01-22-46,1.0
52,2016-01-28-82,1.0
52,2016-01-30-142,1.0
52,2016-01-26-118,1.0
52,2016-01-22-58,1.0
52,2016-01-30-58,1.0
52,2016-01-28-94,1.0
52,2016-01-26-130,1.0
52,2016-01-22-70,1.0
52,2016-01-28-106,1.0
52,2016-01-28-142,1.0
52,2016-01-30-82,1.0
52,2016-01-26-142,1.0
52,2016-01-22-82,1.0
52,2016-01-28-118,1.0
52,2016-01-24-58,1.0
52,2016-01-30-106,1.0
52,2016-01-22-94,1.0
52,2016-01-28-130,1.0
52,2016-01-24-70,1.0
52,2016-01-22-106,1.0
52,2016-01-30-130,1.0
52,2016-01-26-46,1.0
52,2016-01-24-82,1.0
52,2016-01-24-142,1.0
52,2016-01-22-118,1.0
52,2016-01-26-58,1.0
52,2016-01-24-94,1.0
52,2016-01-22-130,1.0
52,2016-01-30-70,1.0
52,2016-01-26-70,1.0
52,2016-01-24-106,1.0
52,2016-01-22-142,1.0
52,2016-01-26-82,1.0
52,2016-01-30-94,1.0
52,2016-01-24-118,1.0
52,2016-01-28-58,1.0
52,2016-01-26-94,1.0
52,2016-01-30-46,1.0
15,2016-01-24-130,1.0
15,2016-01-30-118,1.0
15,2016-01-28-70,1.0
15,2016-01-26-106,1.0
15,2016-01-22-46,1.0
15,2016-01-28-82,1.0
15,2016-01-30-142,1.0
15,2016-01-26-118,1.0
15,2016-01-22-58,1.0
15,2016-01-30-58,1.0
15,2016-01-28-94,1.0
15,2016-01-26-130,1.0
15,2016-01-22-70,1.0
15,2016-01-28-106,1.0
15,2016-01-28-142,1.0
15,2016-01-30-82,1.0
15,2016-01-26-142,1.0
15,2016-01-22-82,1.0
15,2016-01-28-118,1.0
15,2016-01-24-58,1.0
15,2016-01-30-106,1.0
15,2016-01-22-94,1.0
15,2016-01-28-130,1.0
15,2016-01-24-70,1.0
15,2016-01-22-106,1.0
15,2016-01-30-130,1.0
15,2016-01-26-46,1.0
15,2016-01-24-82,1.0
15,2016-01-24-142,1.0
15,2016-01-22-118,2.01980929285
15,2016-01-26-58,1.0
15,2016-01-24-94,1.0
15,2016-01-22-130,1.0
15,2016-01-30-70,1.0
15,2016-01-26-70,1.0
15,2016-01-24-106,1.0
15,2016-01-22-142,1.0
15,2016-01-26-82,1.0
15,2016-01-30-94,1.0
15,2016-01-24-118,1.0
15,2016-01-28-58,1.0
15,2016-01-26-94,1.0
15,2016-01-30-46,1.0
6,2016-01-24-130,1.0
6,2016-01-30-118,1.0
6,2016-01-28-70,1.0
6,2016-01-26-106,1.66843659355
6,2016-01-22-46,1.39534027961
6,2016-01-28-82,3.06481617882
6,2016-01-30-142,1.94778441732
6,2016-01-26-118,1.0
6,2016-01-22-58,22.4819958185
6,2016-01-30-58,1.0
6,2016-01-28-94,1.0
6,2016-01-26-130,1.0
6,2016-01-22-70,7.43030854077
6,2016-01-28-106,1.0
6,2016-01-28-142,1.0
6,2016-01-30-82,1.0
6,2016-01-26-142,1.0
6,2016-01-22-82,6.45673419826
6,2016-01-28-118,1.0
6,2016-01-24-58,3.35401169392
6,2016-01-30-106,1.0
6,2016-01-22-94,1.0
6,2016-01-28-130,1.0
6,2016-01-24-70,3.59726009296
6,2016-01-22-106,1.0
6,2016-01-30-130,1.0
6,2016-01-26-46,2.26987540646
6,2016-01-24-82,1.0
6,2016-01-24-142,1.0
6,2016-01-22-118,1.0
6,2016-01-26-58,22.5849157814
6,2016-01-24-94,1.0
6,2016-01-22-130,1.0
6,2016-01-30-70,1.0
6,2016-01-26-70,1.0
6,2016-01-24-106,1.0
6,2016-01-22-142,1.0
6,2016-01-26-82,1.0
6,2016-01-30-94,1.54811246465
6,2016-01-24-118,1.0
6,2016-01-28-58,11.961884824
6,2016-01-26-94,1.0
6,2016-01-30-46,2.23395768491
49,2016-01-24-130,1.0
49,2016-01-30-118,1.0
49,2016-01-28-70,1.0
49,2016-01-26-106,1.0
49,2016-01-22-46,1.0
49,2016-01-28-82,1.0
49,2016-01-30-142,1.0
49,2016-01-26-118,1.0
49,2016-01-22-58,1.0
49,2016-01-30-58,1.0
49,2016-01-28-94,1.06420121307
49,2016-01-26-130,1.0
49,2016-01-22-70,1.0
49,2016-01-28-106,1.0
49,2016-01-28-142,1.0
49,2016-01-30-82,1.0
49,2016-01-26-142,1.0
49,2016-01-22-82,1.0
49,2016-01-28-118,1.0
49,2016-01-24-58,1.99287209046
49,2016-01-30-106,1.0
49,2016-01-22-94,1.0
49,2016-01-28-130,1.0
49,2016-01-24-70,1.0
49,2016-01-22-106,1.0
49,2016-01-30-130,1.0
49,2016-01-26-46,1.0
49,2016-01-24-82,1.0
49,2016-01-24-142,1.0
49,2016-01-22-118,1.0
49,2016-01-26-58,1.00027389274
49,2016-01-24-94,1.0
49,2016-01-22-130,1.0
49,2016-01-30-70,1.0
49,2016-01-26-70,1.0
49,2016-01-24-106,1.0
49,2016-01-22-142,1.0
49,2016-01-26-82,1.0
49,2016-01-30-94,1.0
49,2016-01-24-118,1.0
49,2016-01-28-58,1.0
49,2016-01-26-94,1.0
49,2016-01-30-46,1.0
36,2016-01-24-130,1.0
36,2016-01-30-118,1.0
36,2016-01-28-70,1.0
36,2016-01-26-106,1.0
36,2016-01-22-46,1.0
36,2016-01-28-82,1.94672434842
36,2016-01-30-142,1.0
36,2016-01-26-118,1.0
36,2016-01-22-58,1.0
36,2016-01-30-58,1.0
36,2016-01-28-94,1.0
36,2016-01-26-130,1.0
36,2016-01-22-70,1.0
36,2016-01-28-106,1.14467133793
36,2016-01-28-142,1.0
36,2016-01-30-82,1.0
36,2016-01-26-142,1.0
36,2016-01-22-82,1.0
36,2016-01-28-118,1.0
36,2016-01-24-58,1.0
36,2016-01-30-106,1.0
36,2016-01-22-94,1.0
36,2016-01-28-130,1.0
36,2016-01-24-70,1.0
36,2016-01-22-106,1.1
36,2016-01-30-130,1.0
36,2016-01-26-46,1.0
36,2016-01-24-82,1.0
36,2016-01-24-142,1.0
36,2016-01-22-118,1.0
36,2016-01-26-58,1.0
36,2016-01-24-94,1.0
36,2016-01-22-130,1.0
36,2016-01-30-70,1.0
36,2016-01-26-70,1.0
36,2016-01-24-106,1.0
36,2016-01-22-142,1.0
36,2016-01-26-82,1.0
36,2016-01-30-94,1.0
36,2016-01-24-118,1.0
36,2016-01-28-58,1.0
36,2016-01-26-94,1.0
36,2016-01-30-46,4.81614133756
13,2016-01-24-130,1.0
13,2016-01-30-118,1.0
13,2016-01-28-70,1.0
13,2016-01-26-106,1.0
13,2016-01-22-46,1.0
13,2016-01-28-82,1.0
13,2016-01-30-142,1.0
13,2016-01-26-118,1.0
13,2016-01-22-58,2.24455145335
13,2016-01-30-58,1.0
13,2016-01-28-94,1.0
13,2016-01-26-130,1.0
13,2016-01-22-70,1.0
13,2016-01-28-106,1.0
13,2016-01-28-142,1.0
13,2016-01-30-82,1.0
13,2016-01-26-142,1.0
13,2016-01-22-82,1.0
13,2016-01-28-118,1.0
13,2016-01-24-58,1.0
13,2016-01-30-106,1.0
13,2016-01-22-94,1.0
13,2016-01-28-130,1.0
13,2016-01-24-70,1.56718342845
13,2016-01-22-106,1.0
13,2016-01-30-130,1.0
13,2016-01-26-46,1.56718342845
13,2016-01-24-82,1.0
13,2016-01-24-142,1.0
13,2016-01-22-118,1.0
13,2016-01-26-58,7.01469245417
13,2016-01-24-94,1.0
13,2016-01-22-130,1.0
13,2016-01-30-70,1.56718342845
13,2016-01-26-70,2.01986305802
13,2016-01-24-106,1.0
13,2016-01-22-142,1.0
13,2016-01-26-82,1.0
13,2016-01-30-94,1.0
13,2016-01-24-118,1.0
13,2016-01-28-58,1.0
13,2016-01-26-94,1.0
13,2016-01-30-46,1.0
